BUSINESS_ID,MODEL,PARTNER_ID,SHOP_NAME,INN,PLACEMENT_CONTRACT,PROMOTION_CONTRACT,TRANSACTION_DATE,TRANSACTION_ID,ORDER_ID,SHOP_ORDER_ID,ORDER_CREATION_DATE,ORDER_DELIVERY_DATE,CLAIM_NUMBER,ORDER_TYPE,SHOP_SKU,ACT_ID,ACT_DATE,OFFER_OR_SERVICE_NAME,COUNT,TRANSACTION_SUM,TRANSACTION_TYPE,TRANSACTION_SOURCE,PAYMENT_STATUS,BONUS_ACCOUNT_YEAR_MONTH,COMMENTS,BANK_ORDER_DATE,BANK_ORDER_ID,BANK_SUM
918462,FBS,1102099,Санстар,9718089393,1938223/21,ОФ-1543621,19.02.2026 15:23,,54331960387,54331960387,18.02.2026 15:09,,,Продажа физлицу,203.1-1.4.1.КФЕС,,,"Тумба напольная SanStar Квадро 50 с раковиной Фест 50 (комплект) для ванной комнаты, белая",1,9263,Начисление,Платёж покупателя,Будет переведён по графику выплат,,,,,
918462,FBS,1102099,Санстар,9718089393,1938223/21,ОФ-1543621,20.02.2026 01:13,,53607129088,53607129088,26.01.2026 19:22,,,Продажа физлицу,476.1-3.4.1.МОД,,,"Шкаф-пенал напольно/подвесной SanStar Модена для ванной комнаты, дуб вотан, графит софт",1,-8970,Возврат,Возврат платежа покупателя,Не будет удержан из-за отмены заказа,,,,,
918462,FBS,1102099,Санстар,9718089393,1938223/21,ОФ-1543621,19.02.2026 09:38,,54355099266,54355099266,19.02.2026 09:37,,,Продажа физлицу,2851141ККВА,,,"Тумба подвесная SanStar Ориана 60 с раковиной Квадро 60 (комплект) для ванной комнаты, белая",1,11132,Начисление,Платёж покупателя,Будет переведён по графику выплат,,,,,
918462,FBS,1102099,Санстар,9718089393,1938223/21,ОФ-1543621,19.02.2026 15:28,,54250006466,54250006466,15.02.2026 23:47,,,Продажа физлицу,508.1-1.4.1.КМИР,,,"Тумба подвесная SanStar Riana 60 с раковиной Миранда 60 (комплект) для ванной комнаты, Gold Craft",1,16702,Начисление,Платёж покупателя,Будет переведён по графику выплат,,,,,
918462,FBS,1102099,Санстар,9718089393,1938223/21,ОФ-1543621,19.02.2026 21:15,,54375335810,54375335810,19.02.2026 21:14,,,Продажа физлицу,436.1-3.4.1.,,,"Шкаф-пенал подвесной SanStar Siva для ванной комнаты, Дуб веллингтон табак",1,7831,Начисление,Платёж покупателя,Будет переведён по графику выплат,,,,,
918462,FBS,1102099,Санстар,9718089393,1938223/21,ОФ-1543621,19.02.2026 15:36,,54328880195,54328880195,18.02.2026 13:43,,,Продажа физлицу,136.1-1.4.1.ККОМ,,,"Тумба подвесная SanStar Велья 70 с раковиной Como 70 (комплект) для ванной комнаты, белая",1,13407,Начисление,Платёж покупателя,Будет переведён по графику выплат,,,,,
918462,FBS,1102099,Санстар,9718089393,1938223/21,ОФ-1543621,19.02.2026 10:14,,54356073921,54356073921,19.02.2026 10:12,,,Продажа физлицу,203.1-1.4.1.КФЕС,,,"Тумба напольная SanStar Квадро 50 с раковиной Фест 50 (комплект) для ванной комнаты, белая",1,8207,Начисление,Платёж покупателя,Будет переведён по графику выплат,,,,,
918462,FBS,1102099,Санстар,9718089393,1938223/21,ОФ-1543621,19.02.2026 17:18,,54236977152,54236977152,15.02.2026 16:45,,,Продажа физлицу,481.1-1.4.1.Р,,,"Тумба напольная SanStar Модена 80 Без раковины для ванной комнаты, графит софт",1,-10348,Возврат,Возврат платежа покупателя,Не будет удержан из-за отмены заказа,,,,,
918462,FBS,1102099,Санстар,9718089393,1938223/21,ОФ-1543621,19.02.2026 22:39,,54377736834,54377736834,19.02.2026 22:38,,,Продажа физлицу,273.1-2.4.1.КАС,,,Зеркальный шкаф подвесной SanStar Линни 60 для ванной комнаты белый,1,5831,Начисление,Платёж покупателя,Будет переведён по графику выплат,,,,,
918462,FBS,1102099,Санстар,9718089393,1938223/21,ОФ-1543621,19.02.2026 22:39,,54377736834,54377736834,19.02.2026 22:38,,,Продажа физлицу,276.1-3.4.1.КАС,,,"Шкаф-пенал универсальный SanStar Линни для ванной комнаты, белый",1,11347,Начисление,Платёж покупателя,Будет переведён по графику выплат,,,,,
918462,FBS,1102099,Санстар,9718089393,1938223/21,ОФ-1543621,19.02.2026 22:39,,54377736834,54377736834,19.02.2026 22:38,,,Продажа физлицу,3381141КУЮТ,,,"Тумба напольная SanStar Каскад 60 с раковиной Уют 60 (комплект) для ванной комнаты, белая",1,10184,Начисление,Платёж покупателя,Будет переведён по графику выплат,,,,,
918462,FBS,1102099,Санстар,9718089393,1938223/21,ОФ-1543621,19.02.2026 18:32,,54363400450,54363400450,19.02.2026 14:10,,,Продажа физлицу,62.2-1.4.1.КМИР,,,"Тумба подвесная SanStar Велья 80 с раковиной Миранда 80 (комплект) для ванной комнаты, белая",1,-19225,Возврат,Возврат платежа покупателя,Не будет удержан из-за отмены заказа,,,,,
918462,FBS,1102099,Санстар,9718089393,1938223/21,ОФ-1543621,19.02.2026 12:06,,54359547715,54359547715,19.02.2026 12:05,,,Продажа физлицу,1771-341,,,"Шкаф-пенал универсальный SanStar Адель для ванной комнаты, белый",1,9979,Начисление,Платёж покупателя,Будет переведён по графику выплат,,,,,
918462,FBS,1102099,Санстар,9718089393,1938223/21,ОФ-1543621,19.02.2026 12:06,,54359547715,54359547715,19.02.2026 12:05,,,Продажа физлицу,1701141КФЕС,,,"Тумба напольная SanStar Адель 80 с раковиной Фест 80 (комплект) для ванной комнаты, белая",1,19526,Начисление,Платёж покупателя,Будет переведён по графику выплат,,,,,
918462,FBS,1102099,Санстар,9718089393,1938223/21,ОФ-1543621,19.02.2026 15:36,,54196095874,54196095874,14.02.2026 17:15,19.02.2026 15:34,,Продажа физлицу,1701141КФЕС,,,"Тумба напольная SanStar Адель 80 с раковиной Фест 80 (комплект) для ванной комнаты, белая",1,16998,Начисление,Платёж покупателя,Будет переведён по графику выплат,,,,,
918462,FBS,1102099,Санстар,9718089393,1938223/21,ОФ-1543621,19.02.2026 11:48,,54359004610,54359004610,19.02.2026 11:47,,,Продажа физлицу,452.1-1.4.1.КФОС,,,"Тумба подвесная SanStar Graffa 70 с раковиной Фостер 70 (комплект) для ванной комнаты Дуб вотан, графит софт",1,15377,Начисление,Платёж покупателя,Будет переведён по графику выплат,,,,,
918462,FBS,1102099,Санстар,9718089393,1938223/21,ОФ-1543621,19.02.2026 16:22,,53824744067,53824744067,03.02.2026 08:48,07.02.2026 11:01,,Продажа физлицу,445.1-2.4.1.МОД,,,"Зеркальный шкаф подвесной SanStar Модена 70 для ванной комнаты, Дуб вотан",1,-4847,Возврат,Возврат платежа покупателя,Будет удержан из платежей покупателей,,,,,
918462,FBS,1102099,Санстар,9718089393,1938223/21,ОФ-1543621,19.02.2026 15:51,,54324867074,54324867074,18.02.2026 11:57,,,Продажа физлицу,398.1-3.4.1.С,,,Шкаф-пенал подвесной SanStar Инфинити для ванной комнаты,1,8386,Начисление,Платёж покупателя,Будет переведён по графику выплат,,,,,
918462,FBS,1102099,Санстар,9718089393,1938223/21,ОФ-1543621,19.02.2026 19:32,,53808847745,53808847745,02.02.2026 16:46,08.02.2026 13:42,,Продажа физлицу,453.1-1.4.1.ККОМ,,,"Тумба подвесная SanStar Graffa 80 с раковиной Como 80 (комплект) для ванной комнаты Дуб вотан, графит софт",1,-18965,Возврат,Возврат платежа покупателя,Будет удержан из платежей покупателей,,,,,
918462,FBS,1102099,Санстар,9718089393,1938223/21,ОФ-1543621,19.02.2026 15:23,,54326628481,54326628481,18.02.2026 12:43,,,Продажа физлицу,493.1-1.4.1.РКФЕС,,,"Тумба подвесная SanStar Diva 60 с раковиной Фест 60 (комплект) для ванной комнаты белый, дуб вотан",1,13789,Начисление,Платёж покупателя,Будет переведён по графику выплат,,,,,
918462,FBS,1102099,Санстар,9718089393,1938223/21,ОФ-1543621,19.02.2026 08:54,,54354065219,54354065219,19.02.2026 08:53,,,Продажа физлицу,439.1-1.4.1.КФОС,,,Тумба подвесная SanStar Lavanti 60 с раковиной Фостер 60 (комплект) для ванной комнаты Дуб вотан,1,12075,Начисление,Платёж покупателя,Будет переведён по графику выплат,,,,,
918462,FBS,1102099,Санстар,9718089393,1938223/21,ОФ-1543621,19.02.2026 16:06,,54314271680,54314271680,18.02.2026 01:44,,,Продажа физлицу,2031141К,,,"Тумба напольная SanStar Квадро 50 с раковиной Фостер 50 (комплект) для ванной комнаты, белая",1,9208,Начисление,Платёж покупателя,Будет переведён по графику выплат,,,,,
918462,FBS,1102099,Санстар,9718089393,1938223/21,ОФ-1543621,19.02.2026 22:10,,54376970882,54376970882,19.02.2026 22:09,,,Продажа физлицу,1771-341,,,"Шкаф-пенал универсальный SanStar Адель для ванной комнаты, белый",1,10322,Начисление,Платёж покупателя,Будет переведён по графику выплат,,,,,
918462,FBS,1102099,Санстар,9718089393,1938223/21,ОФ-1543621,19.02.2026 14:11,,54363400450,54363400450,19.02.2026 14:10,,,Продажа физлицу,62.2-1.4.1.КМИР,,,"Тумба подвесная SanStar Велья 80 с раковиной Миранда 80 (комплект) для ванной комнаты, белая",1,19225,Начисление,Платёж покупателя,Не будет переведён из-за отмены заказа,,,,,
918462,FBS,1102099,Санстар,9718089393,1938223/21,ОФ-1543621,19.02.2026 22:10,,54376970882,54376970882,19.02.2026 22:09,,,Продажа физлицу,1701141КФЕС,,,"Тумба напольная SanStar Адель 80 с раковиной Фест 80 (комплект) для ванной комнаты, белая",1,20194,Начисление,Платёж покупателя,Будет переведён по графику выплат,,,,,
918462,FBS,1102099,Санстар,9718089393,1938223/21,ОФ-1543621,19.02.2026 21:01,,54139595587,54139595587,12.02.2026 22:07,,,Продажа физлицу,525.1-1.4.1.РКФЕС,,,"Тумба напольная SanStar Модена 60 с раковиной Фест 60 (комплект) для ванной комнаты, Gold Craft",1,-12843,Возврат,Возврат платежа покупателя,Не будет удержан из-за отмены заказа,,,,,
918462,FBS,1102099,Санстар,9718089393,1938223/21,ОФ-1543621,19.02.2026 16:14,,54367018368,54367018368,19.02.2026 16:12,,,Продажа физлицу,439.1-1.4.1.КФОС,,,Тумба подвесная SanStar Lavanti 60 с раковиной Фостер 60 (комплект) для ванной комнаты Дуб вотан,1,12186,Начисление,Платёж покупателя,Будет переведён по графику выплат,,,,,
918462,FBS,1102099,Санстар,9718089393,1938223/21,ОФ-1543621,19.02.2026 17:52,,54183584896,54183584896,14.02.2026 11:09,17.02.2026 16:30,,Продажа физлицу,438.1-1.4.1.ККОМ,,,Тумба подвесная SanStar Lavanti 50 с раковиной Como 50 (комплект) для ванной комнаты Дуб вотан,1,-10593,Возврат,Возврат платежа покупателя,Будет удержан из платежей покупателей,,,,,
918462,FBS,1102099,Санстар,9718089393,1938223/21,ОФ-1543621,19.02.2026 08:54,,54354065219,54354065219,19.02.2026 08:53,,,Продажа физлицу,444.1-2.4.1.ДИВ,,,Зеркальный шкаф подвесной SanStar Diva 60 для ванной комнаты Дуб вотан,1,4973,Начисление,Платёж покупателя,Будет переведён по графику выплат,,,,,
918462,FBS,1102099,Санстар,9718089393,1938223/21,ОФ-1543621,20.02.2026 01:13,,53607129088,53607129088,26.01.2026 19:22,,,Продажа физлицу,481.1-1.4.1.РКФЕС,,,"Тумба напольная SanStar Модена 80 с раковиной Фест 80 (комплект) для ванной комнаты, графит софт",1,-13851,Возврат,Возврат платежа покупателя,Не будет удержан из-за отмены заказа,,,,,
918462,FBS,1102099,Санстар,9718089393,1938223/21,ОФ-1543621,19.02.2026 08:54,,54354065219,54354065219,19.02.2026 08:53,,,Продажа физлицу,439.1-1.4.1.КФОС,,,Тумба подвесная SanStar Lavanti 60 с раковиной Фостер 60 (комплект) для ванной комнаты Дуб вотан,1,7019,Начисление,Баллы за скидку Маркета,Справочно: будет пополнен баланс,,,,,
918462,FBS,1102099,Санстар,9718089393,1938223/21,ОФ-1543621,19.02.2026 08:54,,54354065219,54354065219,19.02.2026 08:53,,,Продажа физлицу,444.1-2.4.1.ДИВ,,,Зеркальный шкаф подвесной SanStar Diva 60 для ванной комнаты Дуб вотан,1,2351,Начисление,Баллы за скидку Маркета,Справочно: будет пополнен баланс,,,,,
918462,FBS,1102099,Санстар,9718089393,1938223/21,ОФ-1543621,19.02.2026 09:38,,54355099266,54355099266,19.02.2026 09:37,,,Продажа физлицу,2851141ККВА,,,"Тумба подвесная SanStar Ориана 60 с раковиной Квадро 60 (комплект) для ванной комнаты, белая",1,8669,Начисление,Баллы за скидку Маркета,Справочно: будет пополнен баланс,,,,,
918462,FBS,1102099,Санстар,9718089393,1938223/21,ОФ-1543621,19.02.2026 10:14,,54356073921,54356073921,19.02.2026 10:12,,,Продажа физлицу,203.1-1.4.1.КФЕС,,,"Тумба напольная SanStar Квадро 50 с раковиной Фест 50 (комплект) для ванной комнаты, белая",1,6730,Начисление,Баллы за скидку Маркета,Справочно: будет пополнен баланс,,,,,
918462,FBS,1102099,Санстар,9718089393,1938223/21,ОФ-1543621,19.02.2026 11:48,,54359004610,54359004610,19.02.2026 11:47,,,Продажа физлицу,452.1-1.4.1.КФОС,,,"Тумба подвесная SanStar Graffa 70 с раковиной Фостер 70 (комплект) для ванной комнаты Дуб вотан, графит софт",1,7811,Начисление,Баллы за скидку Маркета,Справочно: будет пополнен баланс,,,,,
918462,FBS,1102099,Санстар,9718089393,1938223/21,ОФ-1543621,19.02.2026 12:06,,54359547715,54359547715,19.02.2026 12:05,,,Продажа физлицу,1701141КФЕС,,,"Тумба напольная SanStar Адель 80 с раковиной Фест 80 (комплект) для ванной комнаты, белая",1,9287,Начисление,Баллы за скидку Маркета,Справочно: будет пополнен баланс,,,,,
918462,FBS,1102099,Санстар,9718089393,1938223/21,ОФ-1543621,19.02.2026 12:06,,54359547715,54359547715,19.02.2026 12:05,,,Продажа физлицу,1771-341,,,"Шкаф-пенал универсальный SanStar Адель для ванной комнаты, белый",1,4633,Начисление,Баллы за скидку Маркета,Справочно: будет пополнен баланс,,,,,
918462,FBS,1102099,Санстар,9718089393,1938223/21,ОФ-1543621,19.02.2026 14:11,,54363400450,54363400450,19.02.2026 14:10,,,Продажа физлицу,62.2-1.4.1.КМИР,,,"Тумба подвесная SanStar Велья 80 с раковиной Миранда 80 (комплект) для ванной комнаты, белая",1,8970,Начисление,Баллы за скидку Маркета,Справочно: не будет пополнен баланс,,,,,
918462,FBS,1102099,Санстар,9718089393,1938223/21,ОФ-1543621,19.02.2026 15:28,,54250006466,54250006466,15.02.2026 23:47,,,Продажа физлицу,508.1-1.4.1.КМИР,,,"Тумба подвесная SanStar Riana 60 с раковиной Миранда 60 (комплект) для ванной комнаты, Gold Craft",1,10633,Начисление,Баллы за скидку Маркета,Справочно: будет пополнен баланс,,,,,
918462,FBS,1102099,Санстар,9718089393,1938223/21,ОФ-1543621,19.02.2026 15:23,,54326628481,54326628481,18.02.2026 12:43,,,Продажа физлицу,493.1-1.4.1.РКФЕС,,,"Тумба подвесная SanStar Diva 60 с раковиной Фест 60 (комплект) для ванной комнаты белый, дуб вотан",1,7650,Начисление,Баллы за скидку Маркета,Справочно: будет пополнен баланс,,,,,
918462,FBS,1102099,Санстар,9718089393,1938223/21,ОФ-1543621,19.02.2026 15:23,,54331960387,54331960387,18.02.2026 15:09,,,Продажа физлицу,203.1-1.4.1.КФЕС,,,"Тумба напольная SanStar Квадро 50 с раковиной Фест 50 (комплект) для ванной комнаты, белая",1,5739,Начисление,Баллы за скидку Маркета,Справочно: будет пополнен баланс,,,,,
918462,FBS,1102099,Санстар,9718089393,1938223/21,ОФ-1543621,19.02.2026 15:36,,54196095874,54196095874,14.02.2026 17:15,19.02.2026 15:34,,Продажа физлицу,1701141КФЕС,,,"Тумба напольная SanStar Адель 80 с раковиной Фест 80 (комплект) для ванной комнаты, белая",1,12335,Начисление,Баллы за скидку Маркета,Справочно: пополнен баланс,2026-02,,,,
918462,FBS,1102099,Санстар,9718089393,1938223/21,ОФ-1543621,19.02.2026 15:36,,54328880195,54328880195,18.02.2026 13:43,,,Продажа физлицу,136.1-1.4.1.ККОМ,,,"Тумба подвесная SanStar Велья 70 с раковиной Como 70 (комплект) для ванной комнаты, белая",1,9245,Начисление,Баллы за скидку Маркета,Справочно: будет пополнен баланс,,,,,
918462,FBS,1102099,Санстар,9718089393,1938223/21,ОФ-1543621,19.02.2026 15:51,,54324867074,54324867074,18.02.2026 11:57,,,Продажа физлицу,398.1-3.4.1.С,,,Шкаф-пенал подвесной SanStar Инфинити для ванной комнаты,1,4789,Начисление,Баллы за скидку Маркета,Справочно: будет пополнен баланс,,,,,
918462,FBS,1102099,Санстар,9718089393,1938223/21,ОФ-1543621,19.02.2026 16:05,,54314271680,54314271680,18.02.2026 01:44,,,Продажа физлицу,2031141К,,,"Тумба напольная SanStar Квадро 50 с раковиной Фостер 50 (комплект) для ванной комнаты, белая",1,6276,Начисление,Баллы за скидку Маркета,Справочно: будет пополнен баланс,,,,,
918462,FBS,1102099,Санстар,9718089393,1938223/21,ОФ-1543621,19.02.2026 16:14,,54367018368,54367018368,19.02.2026 16:12,,,Продажа физлицу,439.1-1.4.1.КФОС,,,Тумба подвесная SanStar Lavanti 60 с раковиной Фостер 60 (комплект) для ванной комнаты Дуб вотан,1,6820,Начисление,Баллы за скидку Маркета,Справочно: будет пополнен баланс,,,,,
918462,FBS,1102099,Санстар,9718089393,1938223/21,ОФ-1543621,19.02.2026 16:22,,54161964352,54161964352,13.02.2026 16:35,15.02.2026 11:33,,Продажа физлицу,502.1-1.4.1.ККОМ,,,"Тумба подвесная SanStar Riana 60 с раковиной Como 60 (комплект) для ванной комнаты, грей",1,-10080,Возврат,Возврат баллов за скидку Маркета,Справочно: списан с баланса,2026-02,,,,
918462,FBS,1102099,Санстар,9718089393,1938223/21,ОФ-1543621,19.02.2026 16:23,,53824744067,53824744067,03.02.2026 08:48,07.02.2026 11:01,,Продажа физлицу,445.1-2.4.1.МОД,,,"Зеркальный шкаф подвесной SanStar Модена 70 для ванной комнаты, Дуб вотан",1,-2998,Возврат,Возврат баллов за скидку Маркета,Справочно: списан с баланса,2026-02,,,,
918462,FBS,1102099,Санстар,9718089393,1938223/21,ОФ-1543621,19.02.2026 17:18,,54236977152,54236977152,15.02.2026 16:45,,,Продажа физлицу,481.1-1.4.1.Р,,,"Тумба напольная SanStar Модена 80 Без раковины для ванной комнаты, графит софт",1,-6501,Возврат,Возврат баллов за скидку Маркета,Справочно: не будет пополнен баланс,,,,,
918462,FBS,1102099,Санстар,9718089393,1938223/21,ОФ-1543621,19.02.2026 17:51,,54183584896,54183584896,14.02.2026 11:09,17.02.2026 16:30,,Продажа физлицу,438.1-1.4.1.ККОМ,,,Тумба подвесная SanStar Lavanti 50 с раковиной Como 50 (комплект) для ванной комнаты Дуб вотан,1,-7822,Возврат,Возврат баллов за скидку Маркета,Справочно: списан с баланса,2026-02,,,,
918462,FBS,1102099,Санстар,9718089393,1938223/21,ОФ-1543621,19.02.2026 18:31,,53909108545,53909108545,05.02.2026 19:59,11.02.2026 19:22,,Продажа физлицу,520.1-1.4.1.КФОС,,,"Тумба подвесная SanStar Riana 70 с раковиной Фостер 70 (комплект) для ванной комнаты, cappuccino",1,-10414,Возврат,Возврат баллов за скидку Маркета,Справочно: списан с баланса,2026-02,,,,
918462,FBS,1102099,Санстар,9718089393,1938223/21,ОФ-1543621,19.02.2026 18:34,,54363400450,54363400450,19.02.2026 14:10,,,Продажа физлицу,62.2-1.4.1.КМИР,,,"Тумба подвесная SanStar Велья 80 с раковиной Миранда 80 (комплект) для ванной комнаты, белая",1,-8970,Возврат,Возврат баллов за скидку Маркета,Справочно: не будет пополнен баланс,,,,,
918462,FBS,1102099,Санстар,9718089393,1938223/21,ОФ-1543621,19.02.2026 19:31,,53808847745,53808847745,02.02.2026 16:46,08.02.2026 13:42,,Продажа физлицу,453.1-1.4.1.ККОМ,,,"Тумба подвесная SanStar Graffa 80 с раковиной Como 80 (комплект) для ванной комнаты Дуб вотан, графит софт",1,-12258,Возврат,Возврат баллов за скидку Маркета,Справочно: списан с баланса,2026-02,,,,
918462,FBS,1102099,Санстар,9718089393,1938223/21,ОФ-1543621,19.02.2026 21:02,,54139595587,54139595587,12.02.2026 22:07,,,Продажа физлицу,525.1-1.4.1.РКФЕС,,,"Тумба напольная SanStar Модена 60 с раковиной Фест 60 (комплект) для ванной комнаты, Gold Craft",1,-7180,Возврат,Возврат баллов за скидку Маркета,Справочно: не будет пополнен баланс,,,,,
918462,FBS,1102099,Санстар,9718089393,1938223/21,ОФ-1543621,19.02.2026 21:15,,54375335810,54375335810,19.02.2026 21:14,,,Продажа физлицу,436.1-3.4.1.,,,"Шкаф-пенал подвесной SanStar Siva для ванной комнаты, Дуб веллингтон табак",1,5332,Начисление,Баллы за скидку Маркета,Справочно: будет пополнен баланс,,,,,
918462,FBS,1102099,Санстар,9718089393,1938223/21,ОФ-1543621,19.02.2026 22:10,,54376970882,54376970882,19.02.2026 22:09,,,Продажа физлицу,1701141КФЕС,,,"Тумба напольная SanStar Адель 80 с раковиной Фест 80 (комплект) для ванной комнаты, белая",1,8758,Начисление,Баллы за скидку Маркета,Справочно: будет пополнен баланс,,,,,
918462,FBS,1102099,Санстар,9718089393,1938223/21,ОФ-1543621,19.02.2026 22:10,,54376970882,54376970882,19.02.2026 22:09,,,Продажа физлицу,1771-341,,,"Шкаф-пенал универсальный SanStar Адель для ванной комнаты, белый",1,4361,Начисление,Баллы за скидку Маркета,Справочно: будет пополнен баланс,,,,,
918462,FBS,1102099,Санстар,9718089393,1938223/21,ОФ-1543621,19.02.2026 22:39,,54377736834,54377736834,19.02.2026 22:38,,,Продажа физлицу,3381141КУЮТ,,,"Тумба напольная SanStar Каскад 60 с раковиной Уют 60 (комплект) для ванной комнаты, белая",1,5483,Начисление,Баллы за скидку Маркета,Справочно: будет пополнен баланс,,,,,
918462,FBS,1102099,Санстар,9718089393,1938223/21,ОФ-1543621,19.02.2026 22:39,,54377736834,54377736834,19.02.2026 22:38,,,Продажа физлицу,276.1-3.4.1.КАС,,,"Шкаф-пенал универсальный SanStar Линни для ванной комнаты, белый",1,6110,Начисление,Баллы за скидку Маркета,Справочно: будет пополнен баланс,,,,,
918462,FBS,1102099,Санстар,9718089393,1938223/21,ОФ-1543621,19.02.2026 22:39,,54377736834,54377736834,19.02.2026 22:38,,,Продажа физлицу,273.1-2.4.1.КАС,,,Зеркальный шкаф подвесной SanStar Линни 60 для ванной комнаты белый,1,3140,Начисление,Баллы за скидку Маркета,Справочно: будет пополнен баланс,,,,,
918462,FBS,1102099,Санстар,9718089393,1938223/21,ОФ-1543621,19.02.2026 12:38,,54100361921,54100361921,11.02.2026 19:33,19.02.2026 12:38,,Продажа физлицу,1241141КФЕС,,,"Буст продаж, оплата за продажи",,-172.33,Списание,Скидка за участие в совместных акциях,Справочно: списан с баланса,2026-02,,,,
918462,FBS,1102099,Санстар,9718089393,1938223/21,ОФ-1543621,19.02.2026 16:08,,54081036738,54081036738,11.02.2026 10:27,19.02.2026 16:08,,Продажа физлицу,400.1-1.4.1.ККЛЕ,,,"Буст продаж, оплата за продажи",,-551.42,Списание,Скидка за участие в совместных акциях,Справочно: списан с баланса,2026-02,,,,
918462,FBS,1102099,Санстар,9718089393,1938223/21,ОФ-1543621,19.02.2026 08:39,,54168307011,54168307011,13.02.2026 20:08,19.02.2026 08:39,,Продажа физлицу,443.1-2.4.1.МОД,,,"Буст продаж, оплата за продажи",,-305.12,Списание,Скидка за участие в совместных акциях,Справочно: списан с баланса,2026-02,,,,
918462,FBS,1102099,Санстар,9718089393,1938223/21,ОФ-1543621,19.02.2026 15:35,,54196095874,54196095874,14.02.2026 17:15,19.02.2026 15:34,,Продажа физлицу,1701141КФЕС,,,"Буст продаж, оплата за продажи",,-275.87,Списание,Скидка за участие в совместных акциях,Справочно: списан с баланса,2026-02,,,,
918462,FBS,1102099,Санстар,9718089393,1938223/21,ОФ-1543621,19.02.2026 10:33,,54063017089,54063017089,10.02.2026 18:47,19.02.2026 10:33,,Продажа физлицу,203.1-1.4.1.КФЕС,,,Размещение товарных предложений,,-5068.85,Списание,Скидка за участие в совместных акциях,Справочно: списан с баланса,2026-02,,,,
918462,FBS,1102099,Санстар,9718089393,1938223/21,ОФ-1543621,19.02.2026 13:12,,54137436803,54137436803,12.02.2026 20:58,19.02.2026 13:12,,Продажа физлицу,450.1-1.4.1.КФЕС,,,Размещение товарных предложений,,-6090.44,Списание,Скидка за участие в совместных акциях,Справочно: списан с баланса,2026-02,,,,
918462,FBS,1102099,Санстар,9718089393,1938223/21,ОФ-1543621,19.02.2026 13:09,,54228137153,54228137153,15.02.2026 12:38,19.02.2026 13:09,,Продажа физлицу,451.1-1.4.1.КФЕС,,,Размещение товарных предложений,,-6100.2,Списание,Скидка за участие в совместных акциях,Справочно: списан с баланса,2026-02,,,,
918462,FBS,1102099,Санстар,9718089393,1938223/21,ОФ-1543621,19.02.2026 14:39,,54100923649,54100923649,11.02.2026 19:49,19.02.2026 14:39,,Продажа физлицу,517.1-1.4.1.РКЛДАЛ,,,Размещение товарных предложений,,-12363.65,Списание,Скидка за участие в совместных акциях,Справочно: списан с баланса,2026-02,,,,
918462,FBS,1102099,Санстар,9718089393,1938223/21,ОФ-1543621,19.02.2026 14:55,,54277402688,54277402688,16.02.2026 21:03,19.02.2026 14:55,,Продажа физлицу,477.1-3.4.1.МОД,,,Размещение товарных предложений,,-6736.55,Списание,Скидка за участие в совместных акциях,Справочно: списан с баланса,2026-02,,,,
918462,FBS,1102099,Санстар,9718089393,1938223/21,ОФ-1543621,19.02.2026 12:13,,54184160129,54184160129,14.02.2026 11:24,19.02.2026 12:13,,Продажа физлицу,499.1-3.4.1.БМОД,,,Размещение товарных предложений,,-10866.04,Списание,Скидка за участие в совместных акциях,Справочно: списан с баланса,2026-02,,,,
918462,FBS,1102099,Санстар,9718089393,1938223/21,ОФ-1543621,19.02.2026 12:13,,54184160129,54184160129,14.02.2026 11:24,19.02.2026 12:13,,Продажа физлицу,491.1-1.4.1.РКФОС,,,Размещение товарных предложений,,-11706.27,Списание,Скидка за участие в совместных акциях,Справочно: списан с баланса,2026-02,,,,
918462,FBS,1102099,Санстар,9718089393,1938223/21,ОФ-1543621,19.02.2026 18:33,,54242733313,54242733313,15.02.2026 19:43,19.02.2026 18:33,,Продажа физлицу,1681-141,,,Размещение товарных предложений,,-5123.72,Списание,Скидка за участие в совместных акциях,Справочно: списан с баланса,2026-02,,,,
918462,FBS,1102099,Санстар,9718089393,1938223/21,ОФ-1543621,19.02.2026 15:50,,54177082881,54177082881,14.02.2026 06:07,19.02.2026 15:50,,Продажа физлицу,210.1-1.4.1.КФЕС,,,Размещение товарных предложений,,-12599.61,Списание,Скидка за участие в совместных акциях,Справочно: списан с баланса,2026-02,,,,
918462,FBS,1102099,Санстар,9718089393,1938223/21,ОФ-1543621,19.02.2026 15:07,,54139535363,54139535363,12.02.2026 22:05,19.02.2026 15:07,,Продажа физлицу,444.1-2.4.1.,,,Размещение товарных предложений,,-2183.24,Списание,Скидка за участие в совместных акциях,Справочно: списан с баланса,2026-02,,,,
918462,FBS,1102099,Санстар,9718089393,1938223/21,ОФ-1543621,19.02.2026 15:49,,54259017409,54259017409,16.02.2026 11:21,19.02.2026 15:49,,Продажа физлицу,399.1-1.4.1.КЛАЙ,,,Размещение товарных предложений,,-5335.11,Списание,Скидка за участие в совместных акциях,Справочно: списан с баланса,2026-02,,,,
918462,FBS,1102099,Санстар,9718089393,1938223/21,ОФ-1543621,19.02.2026 13:48,,54178056960,54178056960,14.02.2026 07:45,19.02.2026 13:48,,Продажа физлицу,423.1-1.4.1.КФОС,,,Размещение товарных предложений,,-8215.05,Списание,Скидка за участие в совместных акциях,Справочно: списан с баланса,2026-02,,,,
918462,FBS,1102099,Санстар,9718089393,1938223/21,ОФ-1543621,19.02.2026 13:48,,54178056960,54178056960,14.02.2026 07:45,19.02.2026 13:48,,Продажа физлицу,425.1-3.4.1.,,,Размещение товарных предложений,,-4866.04,Списание,Скидка за участие в совместных акциях,Справочно: списан с баланса,2026-02,,,,
918462,FBS,1102099,Санстар,9718089393,1938223/21,ОФ-1543621,19.02.2026 15:35,,54196095874,54196095874,14.02.2026 17:15,19.02.2026 15:34,,Продажа физлицу,1701141КФЕС,,,Размещение товарных предложений,,-9873.48,Списание,Скидка за участие в совместных акциях,Справочно: списан с баланса,2026-02,,,,
918462,FBS,1102099,Санстар,9718089393,1938223/21,ОФ-1543621,19.02.2026 12:19,,54204305218,54204305218,14.02.2026 22:06,19.02.2026 12:19,,Продажа физлицу,443.1-2.4.1.ЛАВ,,,Размещение товарных предложений,,-2203.38,Списание,Скидка за участие в совместных акциях,Справочно: списан с баланса,2026-02,,,,
918462,FBS,1102099,Санстар,9718089393,1938223/21,ОФ-1543621,19.02.2026 15:30,,54268347843,54268347843,16.02.2026 15:52,19.02.2026 15:30,,Продажа физлицу,210.1-1.4.1.КФЕС,,,Размещение товарных предложений,,-6359.72,Списание,Скидка за участие в совместных акциях,Справочно: списан с баланса,2026-02,,,,
918462,FBS,1102099,Санстар,9718089393,1938223/21,ОФ-1543621,19.02.2026 13:19,,54206279425,54206279425,14.02.2026 23:33,19.02.2026 13:19,,Продажа физлицу,438.1-1.4.1.КФОС,,,Размещение товарных предложений,,-5829.91,Списание,Скидка за участие в совместных акциях,Справочно: списан с баланса,2026-02,,,,
918462,FBS,1102099,Санстар,9718089393,1938223/21,ОФ-1543621,19.02.2026 15:00,,54249476033,54249476033,15.02.2026 23:23,19.02.2026 15:00,,Продажа физлицу,401-241,,,Размещение товарных предложений,,-3413.42,Списание,Скидка за участие в совместных акциях,Справочно: списан с баланса,2026-02,,,,
918462,FBS,1102099,Санстар,9718089393,1938223/21,ОФ-1543621,19.02.2026 17:35,,54050429888,54050429888,10.02.2026 12:11,19.02.2026 17:35,,Продажа физлицу,431.1-1.4.1.КПДАЛ,,,Размещение товарных предложений,,-13217.6,Списание,Скидка за участие в совместных акциях,Справочно: списан с баланса,2026-02,,,,
918462,FBS,1102099,Санстар,9718089393,1938223/21,ОФ-1543621,19.02.2026 21:31,,54249453762,54249453762,15.02.2026 23:22,19.02.2026 21:31,,Продажа физлицу,483.1-1.4.1.РКФЕС,,,Размещение товарных предложений,,-5223.02,Списание,Скидка за участие в совместных акциях,Справочно: списан с баланса,2026-02,,,,
918462,FBS,1102099,Санстар,9718089393,1938223/21,ОФ-1543621,19.02.2026 11:09,,53979637761,53979637761,08.02.2026 06:40,19.02.2026 11:09,,Продажа физлицу,427.1-1.4.1.КПДАЛ,,,Размещение товарных предложений,,-10394.54,Списание,Скидка за участие в совместных акциях,Справочно: списан с баланса,2026-02,,,,
918462,FBS,1102099,Санстар,9718089393,1938223/21,ОФ-1543621,19.02.2026 15:18,,54244888256,54244888256,15.02.2026 20:50,19.02.2026 15:18,,Продажа физлицу,500.1-3.4.1.БМОД,,,Размещение товарных предложений,,-6167.5,Списание,Скидка за участие в совместных акциях,Справочно: списан с баланса,2026-02,,,,
918462,FBS,1102099,Санстар,9718089393,1938223/21,ОФ-1543621,19.02.2026 15:18,,54244888256,54244888256,15.02.2026 20:50,19.02.2026 15:18,,Продажа физлицу,486.1-1.4.1.РКФОС,,,Размещение товарных предложений,,-8545.6,Списание,Скидка за участие в совместных акциях,Справочно: списан с баланса,2026-02,,,,
918462,FBS,1102099,Санстар,9718089393,1938223/21,ОФ-1543621,19.02.2026 17:14,,54014850369,54014850369,09.02.2026 10:17,19.02.2026 17:14,,Продажа физлицу,447.1-2.4.1.ЛАВ,,,Размещение товарных предложений,,-2768.87,Списание,Скидка за участие в совместных акциях,Справочно: списан с баланса,2026-02,,,,
918462,FBS,1102099,Санстар,9718089393,1938223/21,ОФ-1543621,19.02.2026 18:20,,54229390080,54229390080,15.02.2026 13:11,19.02.2026 18:20,,Продажа физлицу,483.1-1.4.1.РКФЕС,,,Размещение товарных предложений,,-5223.02,Списание,Скидка за участие в совместных акциях,Справочно: списан с баланса,2026-02,,,,
918462,FBS,1102099,Санстар,9718089393,1938223/21,ОФ-1543621,19.02.2026 15:37,,54244920578,54244920578,15.02.2026 20:51,19.02.2026 15:37,,Продажа физлицу,444.1-2.4.1.ДИВ,,,Размещение товарных предложений,,-2500.26,Списание,Скидка за участие в совместных акциях,Справочно: списан с баланса,2026-02,,,,
918462,FBS,1102099,Санстар,9718089393,1938223/21,ОФ-1543621,19.02.2026 15:37,,54244920578,54244920578,15.02.2026 20:51,19.02.2026 15:37,,Продажа физлицу,479.1-1.4.1.РКФЕС,,,Размещение товарных предложений,,-6256.38,Списание,Скидка за участие в совместных акциях,Справочно: списан с баланса,2026-02,,,,
918462,FBS,1102099,Санстар,9718089393,1938223/21,ОФ-1543621,19.02.2026 14:59,,54231273536,54231273536,15.02.2026 14:01,19.02.2026 14:59,,Продажа физлицу,511.1-1.4.1.КФОС,,,Размещение товарных предложений,,-13458.27,Списание,Скидка за участие в совместных акциях,Справочно: списан с баланса,2026-02,,,,
918462,FBS,1102099,Санстар,9718089393,1938223/21,ОФ-1543621,19.02.2026 11:32,,53994390400,53994390400,08.02.2026 16:00,19.02.2026 11:32,,Продажа физлицу,481.1-1.4.1.РКФЕС,,,Размещение товарных предложений,,-8547.62,Списание,Скидка за участие в совместных акциях,Справочно: списан с баланса,2026-02,,,,
918462,FBS,1102099,Санстар,9718089393,1938223/21,ОФ-1543621,19.02.2026 11:32,,53994390400,53994390400,08.02.2026 16:00,19.02.2026 11:32,,Продажа физлицу,477.1-3.4.1.МОД,,,Размещение товарных предложений,,-6572.01,Списание,Скидка за участие в совместных акциях,Справочно: списан с баланса,2026-02,,,,
918462,FBS,1102099,Санстар,9718089393,1938223/21,ОФ-1543621,19.02.2026 12:38,,54100361921,54100361921,11.02.2026 19:33,19.02.2026 12:38,,Продажа физлицу,1241141КФЕС,,,Размещение товарных предложений,,-5859.53,Списание,Скидка за участие в совместных акциях,Справочно: списан с баланса,2026-02,,,,
918462,FBS,1102099,Санстар,9718089393,1938223/21,ОФ-1543621,19.02.2026 08:45,,54022442754,54022442754,09.02.2026 14:00,19.02.2026 08:45,,Продажа физлицу,384.1-3.4.1.,,,Размещение товарных предложений,,-6081.66,Списание,Скидка за участие в совместных акциях,Справочно: списан с баланса,2026-02,,,,
918462,FBS,1102099,Санстар,9718089393,1938223/21,ОФ-1543621,19.02.2026 10:36,,54244065347,54244065347,15.02.2026 20:25,19.02.2026 10:36,,Продажа физлицу,452.1-1.4.1.КФОС,,,Размещение товарных предложений,,-8142.01,Списание,Скидка за участие в совместных акциях,Справочно: списан с баланса,2026-02,,,,
918462,FBS,1102099,Санстар,9718089393,1938223/21,ОФ-1543621,19.02.2026 17:17,,54201881026,54201881026,14.02.2026 20:36,19.02.2026 17:17,,Продажа физлицу,1701141КФЕС,,,Размещение товарных предложений,,-9872.14,Списание,Скидка за участие в совместных акциях,Справочно: списан с баланса,2026-02,,,,
918462,FBS,1102099,Санстар,9718089393,1938223/21,ОФ-1543621,19.02.2026 16:53,,54200019651,54200019651,14.02.2026 19:30,19.02.2026 16:53,,Продажа физлицу,2831141КФОС,,,Размещение товарных предложений,,-8401.53,Списание,Скидка за участие в совместных акциях,Справочно: списан с баланса,2026-02,,,,
918462,FBS,1102099,Санстар,9718089393,1938223/21,ОФ-1543621,19.02.2026 15:26,,54169922880,54169922880,13.02.2026 21:01,19.02.2026 15:26,,Продажа физлицу,435.1-1.4.1.ККОМ,,,Размещение товарных предложений,,-9298.91,Списание,Скидка за участие в совместных акциях,Справочно: списан с баланса,2026-02,,,,
918462,FBS,1102099,Санстар,9718089393,1938223/21,ОФ-1543621,19.02.2026 15:26,,54169922880,54169922880,13.02.2026 21:01,19.02.2026 15:26,,Продажа физлицу,436.1-3.4.1.,,,Размещение товарных предложений,,-3982.47,Списание,Скидка за участие в совместных акциях,Справочно: списан с баланса,2026-02,,,,
918462,FBS,1102099,Санстар,9718089393,1938223/21,ОФ-1543621,19.02.2026 12:24,,54099588290,54099588290,11.02.2026 19:11,19.02.2026 12:24,,Продажа физлицу,434.1-1.4.1.КФОС,,,Размещение товарных предложений,,-8324.45,Списание,Скидка за участие в совместных акциях,Справочно: списан с баланса,2026-02,,,,
918462,FBS,1102099,Санстар,9718089393,1938223/21,ОФ-1543621,19.02.2026 13:25,,54188279875,54188279875,14.02.2026 13:16,19.02.2026 13:25,,Продажа физлицу,486.1-1.4.1.РКФОС,,,Размещение товарных предложений,,-8508.57,Списание,Скидка за участие в совместных акциях,Справочно: списан с баланса,2026-02,,,,
918462,FBS,1102099,Санстар,9718089393,1938223/21,ОФ-1543621,19.02.2026 13:25,,54188279875,54188279875,14.02.2026 13:16,19.02.2026 13:25,,Продажа физлицу,499.1-3.4.1.Р,,,Размещение товарных предложений,,-10811.69,Списание,Скидка за участие в совместных акциях,Справочно: списан с баланса,2026-02,,,,
918462,FBS,1102099,Санстар,9718089393,1938223/21,ОФ-1543621,19.02.2026 06:54,,54012270018,54012270018,09.02.2026 08:17,19.02.2026 06:54,,Продажа физлицу,1711141КФЕС,,,Размещение товарных предложений,,-6688.24,Списание,Скидка за участие в совместных акциях,Справочно: списан с баланса,2026-02,,,,
918462,FBS,1102099,Санстар,9718089393,1938223/21,ОФ-1543621,19.02.2026 08:39,,54168307011,54168307011,13.02.2026 20:08,19.02.2026 08:39,,Продажа физлицу,443.1-2.4.1.МОД,,,Размещение товарных предложений,,-2161.3,Списание,Скидка за участие в совместных акциях,Справочно: списан с баланса,2026-02,,,,
918462,FBS,1102099,Санстар,9718089393,1938223/21,ОФ-1543621,19.02.2026 18:20,,54201041602,54201041602,14.02.2026 20:06,19.02.2026 18:20,,Продажа физлицу,444.1-2.4.1.ДИВ,,,Размещение товарных предложений,,-2511.03,Списание,Скидка за участие в совместных акциях,Справочно: списан с баланса,2026-02,,,,
918462,FBS,1102099,Санстар,9718089393,1938223/21,ОФ-1543621,19.02.2026 14:02,,54267063235,54267063235,16.02.2026 15:08,19.02.2026 14:02,,Продажа физлицу,494.1-1.4.1.РКФОС,,,Размещение товарных предложений,,-8030.6,Списание,Скидка за участие в совместных акциях,Справочно: списан с баланса,2026-02,,,,
918462,FBS,1102099,Санстар,9718089393,1938223/21,ОФ-1543621,19.02.2026 12:21,,54250912578,54250912578,16.02.2026 00:37,19.02.2026 12:21,,Продажа физлицу,371-341,,,Размещение товарных предложений,,-4999.99,Списание,Скидка за участие в совместных акциях,Справочно: списан с баланса,2026-02,,,,
918462,FBS,1102099,Санстар,9718089393,1938223/21,ОФ-1543621,19.02.2026 16:08,,54081036738,54081036738,11.02.2026 10:27,19.02.2026 16:08,,Продажа физлицу,400.1-1.4.1.ККЛЕ,,,Размещение товарных предложений,,-4652.14,Списание,Скидка за участие в совместных акциях,Справочно: списан с баланса,2026-02,,,,
918462,FBS,1102099,Санстар,9718089393,1938223/21,ОФ-1543621,19.02.2026 11:34,,54132790080,54132790080,12.02.2026 18:28,19.02.2026 11:34,,Продажа физлицу,426.1-3.4.1.Р,,,Размещение товарных предложений,,-7138.09,Списание,Скидка за участие в совместных акциях,Справочно: списан с баланса,2026-02,,,,
918462,FBS,1102099,Санстар,9718089393,1938223/21,ОФ-1543621,19.02.2026 15:54,,54197581376,54197581376,14.02.2026 18:05,19.02.2026 15:54,,Продажа физлицу,486.1-1.4.1.РКФЕС,,,Размещение товарных предложений,,-8532.81,Списание,Скидка за участие в совместных акциях,Справочно: списан с баланса,2026-02,,,,
918462,FBS,1102099,Санстар,9718089393,1938223/21,ОФ-1543621,19.02.2026 13:57,,54247141056,54247141056,15.02.2026 22:00,19.02.2026 13:57,,Продажа физлицу,483.1-1.4.1.РКФЕС,,,Размещение товарных предложений,,-5223.02,Списание,Скидка за участие в совместных акциях,Справочно: списан с баланса,2026-02,,,,
918462,FBS,1102099,Санстар,9718089393,1938223/21,ОФ-1543621,19.02.2026 21:02,,54301615811,54301615811,17.02.2026 17:17,19.02.2026 21:02,,Продажа физлицу,498.1-3.4.1.БМОД,,,Размещение товарных предложений,,-6167.5,Списание,Скидка за участие в совместных акциях,Справочно: списан с баланса,2026-02,,,,
918462,FBS,1102099,Санстар,9718089393,1938223/21,ОФ-1543621,19.02.2026 19:48,,54094259392,54094259392,11.02.2026 16:29,19.02.2026 19:48,,Продажа физлицу,2861141К,,,Размещение товарных предложений,,-8202.94,Списание,Скидка за участие в совместных акциях,Справочно: списан с баланса,2026-02,,,,
918462,FBS,1102099,Санстар,9718089393,1938223/21,ОФ-1543621,20.02.2026 01:13,,53607129088,53607129088,26.01.2026 19:22,,,Продажа физлицу,476.1-3.4.1.МОД,,,"Шкаф-пенал напольно/подвесной SanStar Модена для ванной комнаты, дуб вотан, графит софт",1,-1174,Возврат,Возврат баллов за скидку Яндекс Плюс,Справочно: не будет пополнен баланс,,,,,
918462,FBS,1102099,Санстар,9718089393,1938223/21,ОФ-1543621,20.02.2026 01:12,,53607129088,53607129088,26.01.2026 19:22,,,Продажа физлицу,481.1-1.4.1.РКФЕС,,,"Тумба напольная SanStar Модена 80 с раковиной Фест 80 (комплект) для ванной комнаты, графит софт",1,-10248,Возврат,Возврат баллов за скидку Маркета,Справочно: не будет пополнен баланс,,,,,
918462,FBS,1102099,Санстар,9718089393,1938223/21,ОФ-1543621,20.02.2026 01:12,,53607129088,53607129088,26.01.2026 19:22,,,Продажа физлицу,476.1-3.4.1.МОД,,,"Шкаф-пенал напольно/подвесной SanStar Модена для ванной комнаты, дуб вотан, графит софт",1,-6390,Возврат,Возврат баллов за скидку Маркета,Справочно: не будет пополнен баланс,,,,,
918462,FBS,1102099,Санстар,9718089393,1938223/21,ОФ-1543621,20.02.2026 01:13,,53607129088,53607129088,26.01.2026 19:22,,,Продажа физлицу,481.1-1.4.1.РКФЕС,,,"Тумба напольная SanStar Модена 80 с раковиной Фест 80 (комплект) для ванной комнаты, графит софт",1,-1814,Возврат,Возврат баллов за скидку Яндекс Плюс,Справочно: не будет пополнен баланс,,,,,
918462,FBY,608096,Sanstar,9718089393,461555/20,ОФ-480188,19.02.2026 23:14,,54378574656,54378574656,19.02.2026 23:14,,,Продажа физлицу,439.1-1.4.1.КФЕС,,,Тумба подвесная SanStar Lavanti 60 с раковиной Фест 60 (комплект) для ванной комнаты Дуб вотан,1,17085,Начисление,Платёж покупателя,Будет переведён по графику выплат,,,,,
918462,FBY,608096,Sanstar,9718089393,461555/20,ОФ-480188,19.02.2026 23:14,,54378574656,54378574656,19.02.2026 23:14,,,Продажа физлицу,439.1-1.4.1.КФЕС,,,Тумба подвесная SanStar Lavanti 60 с раковиной Фест 60 (комплект) для ванной комнаты Дуб вотан,1,8430,Начисление,Баллы за скидку Маркета,Справочно: будет пополнен баланс,,,,,
918462,FBY,608096,Sanstar,9718089393,461555/20,ОФ-480188,19.02.2026 12:14,,54309452419,54309452419,17.02.2026 21:50,19.02.2026 12:14,,Продажа физлицу,387.1-1.4.1.КФЕС,,,Размещение товарных предложений,,-6918.44,Списание,Скидка за участие в совместных акциях,Справочно: списан с баланса,2026-02,,,,
