ORDER_ID,YOUR_ORDER_ID,ORDER_TYPE,OFFER_NAME,YOUR_SKU,TRANSFERRED_TO_DELIVERY_COUNT,DELIVERED_COUNT,ORDER_CREATION_DATE,TRANSFERRED_TO_DELIVERY_DATE,DELIVERY_DATE,PAYMENT_TYPE,VAT,PRICE_WITH_VAT_AND_NO_DISCOUNT,SHOP_MARKETPLACE_DISCOUNT,SPASIBO_DISCOUNT,YANDEX_PLUS_DISCOUNT,PRICE_WITH_VAT_AND_ALL_DISCOUNTS,DELIVERED_PRICE_SUM_WITH_VAT_AND_NO_DISCOUNTS,DELIVERED_DISCOUNT_SUM,DELIVERED_PRICE_SUM_WITH_VAT_AND_DISCOUNTS,RNPT,ORGANIZATION,INN,KPP,ORGANIZATION_JUR_ADDRESS,UPD_STATUS,UPD_DATE,UPD_NUMBER,CONSIGNMENT_NOTE_DATE,CONSIGNMENT_NOTE_NUMBER,INVOICE_DATE,INVOICE_NUMBER
55207496963,55207496963,Продажа физлицу,"Тумба напольная Vannika Bliss 70 с раковиной Фостер 70 для ванной комнаты, белая",224.ТН.V.Bliss.КФОС,1,1,19.03.2026,29.03.2026,01.04.2026,Яндекс.Сплит (предоплата),22%,24025,9104,0,0,14921,24025,9104,14921,,,,,,,,,,,,
55225932931,55225932931,Продажа физлицу,"Тумба подвесная Vannika Glad 70 с раковиной Фостер 70 для ванной комнаты, cappuccino",520.ТП.V.Glad.КФОС,1,1,19.03.2026,28.03.2026,11.04.2026,Предоплата,22%,26970,8940,0,0,18030,26970,8940,18030,,,,,,,,,,,,
55325837249,55325837249,Продажа физлицу,"Тумба напольная Vannika Bliss 60 с раковиной Фостер 60 для ванной комнаты, белая",223.ТН.V.Bliss.КФОС,1,1,22.03.2026,24.03.2026,04.04.2026,Предоплата,22%,19255,7676,0,0,11579,19255,7676,11579,,,,,,,,,,,,
55352355585,55352355585,Продажа физлицу,"Тумба напольная Vannika Bliss 80 с раковиной Como 80 для ванной комнаты, белая",225.ТН.V.Bliss.ККОМ,1,1,23.03.2026,29.03.2026,01.04.2026,Предоплата,22%,27991,11219,0,0,16772,27991,11219,16772,,,,,,,,,,,,
55369198912,55369198912,Продажа физлицу,"Тумба подвесная Vannika Kanna 60 с раковиной Фостер 60 для ванной комнаты, дуб вотан, графит софт",451.ТП.V.Kanna.КФОС,1,1,24.03.2026,27.03.2026,01.04.2026,Яндекс.Сплит (предоплата),22%,25349,9451,0,0,15898,25349,9451,15898,,,,,,,,,,,,
55394205121,55394205121,Продажа физлицу,"Шкаф-зеркало Vannika Bliss 80 для ванной комнаты, дуб вотан, шкаф витрина",446.ЗШ.V.Bliss.МОД,1,1,25.03.2026,27.03.2026,01.04.2026,Яндекс.Сплит (предоплата),22%,11270,3945,0,0,7325,11270,3945,7325,,,,,,,,,,,,
55398778561,55398778561,Продажа физлицу,"Тумба подвесная без раковины Vannika Glad 60 для ванной комнаты, cappuccino",519.ТП.V.Glad,1,1,25.03.2026,26.03.2026,03.04.2026,Предоплата,22%,16830,7060,0,0,9770,16830,7060,9770,,,,,,,,,,,,
55400605059,55400605059,Продажа физлицу,"Шкаф-зеркало Vannika Bliss 50 для ванной комнаты, дуб вотан",443.ЗШ.V.Bliss.МОД,1,1,25.03.2026,26.03.2026,04.04.2026,Предоплата,22%,7280,3525,0,0,3755,7280,3525,3755,,,,,,,,,,,,
55412326339,55412326339,Продажа физлицу,"Тумба подвесная Vannika Kanna 60 с раковиной Фест 60 для ванной комнаты, дуб вотан, графит софт",451.ТП.V.Kanna.КФЕС,1,1,25.03.2026,27.03.2026,05.04.2026,Предоплата,22%,21904,8677,0,90,13137,21904,8767,13137,,,,,,,,,,,,
55412363329,55412363329,Продажа физлицу,"Тумба напольная Vannika Bliss 60 с раковиной Фест 60 для ванной комнаты, графит софт",479.ТН.V.Bliss.РКФЕС,1,1,25.03.2026,01.04.2026,04.04.2026,Предоплата,22%,22650,10413,0,0,12237,22650,10413,12237,,,,,,,,,,,,
55416156802,55416156802,Продажа физлицу,"Шкаф-зеркало Vannika Bliss 50 для ванной комнаты, дуб вотан",443.ЗШ.V.Bliss.МОД,1,1,25.03.2026,27.03.2026,04.04.2026,Предоплата,22%,7313,2543,0,0,4770,7313,2543,4770,,,,,,,,,,,,
55450224771,55450224771,Продажа физлицу,"Тумба напольная Vannika Bliss 80 с раковиной Como 80 для ванной комнаты, белая",225.ТН.V.Bliss.ККОМ,1,1,26.03.2026,31.03.2026,02.04.2026,Предоплата,22%,27668,10711,0,0,16957,27668,10711,16957,,,,,,,,,,,,
55453478274,55453478274,Продажа физлицу,"Шкаф-зеркало Vannika Bliss 50 для ванной комнаты, дуб вотан",443.ЗШ.V.Bliss.МОД,1,1,26.03.2026,02.04.2026,04.04.2026,Предоплата,22%,6936,3019,0,0,3917,6936,3019,3917,,,,,,,,,,,,
55474076866,55474076866,Продажа физлицу,"Тумба подвесная Vannika Glad 80 с раковиной Фостер 80 для ванной комнаты, cappuccino",521.ТП.V.Glad.КФОС,1,1,27.03.2026,28.03.2026,01.04.2026,Предоплата,22%,30154,10720,0,0,19434,30154,10720,19434,,,,,,,,,,,,
55484120960,55484120960,Продажа физлицу,"Тумба напольная Vannika Canto 80 с раковиной Como 80 для ванной комнаты, дуб вотан, графит софт",460.ТН.V.Canto.ККОМ,1,1,27.03.2026,05.04.2026,07.04.2026,Предоплата,22%,33742,15505,0,0,18237,33742,15505,18237,,,,,,,,,,,,
55486084737,55486084737,Продажа физлицу,"Тумба напольная Vannika Bliss 80 с раковиной Como 80 для ванной комнаты, белая",225.ТН.V.Bliss.ККОМ,1,1,27.03.2026,30.03.2026,01.04.2026,Предоплата,22%,27797,11408,0,0,16389,27797,11408,16389,,,,,,,,,,,,
55489913856,55489913856,Продажа физлицу,"Тумба напольная Vannika Bliss 70 с раковиной Фостер 70 для ванной комнаты, белая",224.ТН.V.Bliss.КФОС,1,1,28.03.2026,30.03.2026,05.04.2026,Предоплата,22%,24025,10402,0,0,13623,24025,10402,13623,,,,,,,,,,,,
55492535937,55492535937,Продажа физлицу,"Тумба напольная Vannika Bliss 50 с раковиной Фостер 50 для ванной комнаты, белая",222.ТН.V.Bliss.КФОС,1,1,28.03.2026,29.03.2026,01.04.2026,Предоплата,22%,17281,7404,0,0,9877,17281,7404,9877,,,,,,,,,,,,
55503969600,55503969600,Продажа физлицу,"Тумба напольная Vannika Bliss 70 с раковиной Фостер 70 для ванной комнаты, белая",224.ТН.V.Bliss.КФОС,1,1,28.03.2026,02.04.2026,03.04.2026,Предоплата,22%,24025,9402,0,0,14623,24025,9402,14623,,,,,,,,,,,,
55505878144,55505878144,Продажа физлицу,"Тумба напольная Vannika Bliss 60 с раковиной Фостер 60 для ванной комнаты, белая",223.ТН.V.Bliss.КФОС,1,1,28.03.2026,02.04.2026,05.04.2026,Предоплата,22%,19867,8498,0,0,11369,19867,8498,11369,,,,,,,,,,,,
55506391746,55506391746,Продажа физлицу,"Шкаф-зеркало Vannika Kanna 100 для ванной комнаты, дуб вотан",447.ЗШ.V.Kanna.ЛАВ,1,1,28.03.2026,29.03.2026,02.04.2026,Предоплата,22%,9792,4915,0,0,4877,9792,4915,4877,,,,,,,,,,,,
55506912065,55506912065,Продажа физлицу,"Тумба напольная Vannika Bliss 80 с раковиной Como 80 для ванной комнаты, белая",225.ТН.V.Bliss.ККОМ,1,1,28.03.2026,01.04.2026,05.04.2026,Яндекс.Сплит (предоплата),22%,26961,11071,0,45,15845,26961,11116,15845,,,,,,,,,,,,
55511835329,55511835329,Продажа физлицу,"Тумба подвесная без раковины Vannika Bava 50 для ванной комнаты, белая",482.ТП.V.Bava,1,1,28.03.2026,29.03.2026,03.04.2026,Яндекс.Сплит (предоплата),22%,15743,4705,0,0,11038,15743,4705,11038,,,,,,,,,,,,
55511840387,55511840387,Продажа физлицу,"Тумба напольная Vannika Bliss 80 с раковиной Como 80 для ванной комнаты, белая",225.ТН.V.Bliss.ККОМ,1,1,28.03.2026,01.04.2026,03.04.2026,Предоплата,22%,27797,11071,0,0,16726,27797,11071,16726,,,,,,,,,,,,
55513677826,55513677826,Продажа физлицу,"Тумба подвесная без раковины Vannika Glad 100 для ванной комнаты, cappuccino",522.ТП.V.Glad,1,1,28.03.2026,31.03.2026,04.04.2026,Предоплата,22%,21923,9010,0,0,12913,21923,9010,12913,,,,,,,,,,,,
55519729795,55519729795,Продажа физлицу,"Шкаф-зеркало Vannika Bliss 50 для ванной комнаты, дуб вотан",443.ЗШ.V.Bliss.МОД,1,1,29.03.2026,30.03.2026,03.04.2026,Яндекс.Сплит (предоплата),22%,6965,2773,0,0,4192,6965,2773,4192,,,,,,,,,,,,
55526827587,55526827587,Продажа физлицу,"Тумба напольная Vannika Bliss 80 с раковиной Como 80 для ванной комнаты, белая",225.ТН.V.Bliss.ККОМ,1,1,29.03.2026,30.03.2026,03.04.2026,Предоплата,22%,27797,9812,0,0,17985,27797,9812,17985,,,,,,,,,,,,
55537043137,55537043137,Продажа физлицу,"Шкаф-зеркало Vannika Vastra 50 для ванной комнаты, дуб вотан",443.ЗШ.V.Vastra,1,1,29.03.2026,30.03.2026,04.04.2026,Предоплата,22%,6936,3086,0,0,3850,6936,3086,3850,,,,,,,,,,,,
55546854851,55546854851,Продажа физлицу,"Тумба подвесная Vannika Glad 60 с раковиной Como 60 для ванной комнаты, cappuccino",519.ТП.V.Glad.ККОМ,1,1,29.03.2026,31.03.2026,05.04.2026,Предоплата,22%,24080,8449,0,0,15631,24080,8449,15631,,,,,,,,,,,,
55547632834,55547632834,Продажа физлицу,"Тумба подвесная без раковины Vannika Glad 60 для ванной комнаты, cappuccino",519.ТП.V.Glad,1,1,29.03.2026,31.03.2026,14.04.2026,При получении,22%,16431,7393,0,0,9038,16431,7393,9038,,,,,,,,,,,,
55557201859,55557201859,Продажа физлицу,"Тумба напольная Vannika Bliss 80 с раковиной Como 80 для ванной комнаты, белая",225.ТН.V.Bliss.ККОМ,1,1,30.03.2026,31.03.2026,06.04.2026,Предоплата,22%,26865,9160,0,0,17705,26865,9160,17705,,,,,,,,,,,,
55561716416,55561716416,Продажа физлицу,"Тумба подвесная Vannika Glad 70 с раковиной Фостер 70 для ванной комнаты, cappuccino",520.ТП.V.Glad.КФОС,1,1,30.03.2026,31.03.2026,03.04.2026,Предоплата,22%,27102,10609,0,169,16324,27102,10778,16324,,,,,,,,,,,,
55564846913,55564846913,Продажа физлицу,"Шкаф-зеркало Vannika Bliss 50 для ванной комнаты, дуб вотан",443.ЗШ.V.Bliss.МОД,1,1,30.03.2026,31.03.2026,03.04.2026,Предоплата,22%,6965,3128,0,0,3837,6965,3128,3837,,,,,,,,,,,,
55568937984,55568937984,Продажа физлицу,"Шкаф-зеркало с подсветкой Vannika Flavia 70 для ванной комнаты, белый",175.ЗШ.V.Flavia,1,1,30.03.2026,31.03.2026,02.04.2026,Предоплата,22%,10813,5414,0,169,5230,10813,5583,5230,,,,,,,,,,,,
55574518656,55574518656,Продажа физлицу,"Тумба напольная Vannika Bliss 80 с раковиной Como 80 для ванной комнаты, белая",225.ТН.V.Bliss.ККОМ,1,1,30.03.2026,03.04.2026,07.04.2026,Яндекс.Сплит (предоплата),22%,27674,10960,0,0,16714,27674,10960,16714,,,,,,,,,,,,
55574989504,55574989504,Продажа физлицу,"Шкаф-зеркало с подсветкой Vannika Mirva 80 для ванной комнаты, белый",280.ЗШ.V.Mirva,1,1,30.03.2026,03.04.2026,07.04.2026,Яндекс.Сплит (предоплата),22%,13372,5807,0,0,7565,13372,5807,7565,,,,,,,,,,,,
55578729155,55578729155,Продажа физлицу,"Шкаф-зеркало Vannika Canto 70 для ванной комнаты, дуб вотан",445.ЗШ.V.Canto.ДИВ,1,1,30.03.2026,01.04.2026,06.04.2026,При получении,22%,7955,3530,0,0,4425,7955,3530,4425,,,,,,,,,,,,
55578827650,55578827650,Продажа физлицу,"Тумба напольная Vannika Bliss 50 с раковиной Фостер 50 для ванной комнаты, белая",222.ТН.V.Bliss.КФОС,1,1,30.03.2026,01.04.2026,03.04.2026,Яндекс.Сплит (предоплата),22%,17280,7188,0,230,9862,17280,7418,9862,,,,,,,,,,,,
55579466432,55579466432,Продажа физлицу,"Тумба подвесная Vannika Glad 80 с раковиной Como 80 для ванной комнаты, cappuccino",521.ТП.V.Glad.ККОМ,1,1,30.03.2026,01.04.2026,05.04.2026,Предоплата,22%,30284,9263,0,0,21021,30284,9263,21021,,,,,,,,,,,,
55584126338,55584126338,Продажа физлицу,"Шкаф-пенал напольно/подвесной Vannika Canto для ванной комнаты, дуб вотан, графит софт",476.ШП.V.Canto,1,1,30.03.2026,01.04.2026,03.04.2026,Предоплата,22%,18836,5683,0,0,13153,18836,5683,13153,,,,,,,,,,,,
55584164483,55584164483,Продажа физлицу,"Тумба подвесная Vannika Glad 60 с раковиной Como 60 для ванной комнаты, cappuccino",519.ТП.V.Glad.ККОМ,1,1,30.03.2026,01.04.2026,07.04.2026,Предоплата,22%,24080,8449,0,200,15431,24080,8649,15431,,,,,,,,,,,,
55591216450,55591216450,Продажа физлицу,"Шкаф для стиральной машины напольный Vannika Kanna для ванной комнаты, дуб вотан, графит софт",455.ШДС.V.Kanna,1,1,31.03.2026,01.04.2026,02.04.2026,Яндекс.Сплит (предоплата),22%,23832,7073,0,0,16759,23832,7073,16759,,,,,,,,,,,,
55591627522,55591627522,Продажа физлицу,"Тумба подвесная Vannika Vastra 80 с раковиной Фостер 80 для ванной комнаты, дуб вотан",441.ТП.V.Vastra.КФОС,1,1,31.03.2026,02.04.2026,04.04.2026,Предоплата,22%,28171,9251,0,0,18920,28171,9251,18920,,,,,,,,,,,,
55594957632,55594957632,Продажа физлицу,"Шкаф-зеркало Vannika Canto 60 для ванной комнаты, дуб вотан, шкаф витрина",444.ЗШ.V.Canto.ДИВ,1,1,31.03.2026,03.04.2026,06.04.2026,Яндекс.Сплит (предоплата),22%,7181,3687,0,0,3494,7181,3687,3494,,,,,,,,,,,,
55595729601,55595729601,Продажа физлицу,"Тумба напольная Vannika Bliss 50 с раковиной Фостер 50 для ванной комнаты, белая",222.ТН.V.Bliss.КФОС,1,1,31.03.2026,02.04.2026,04.04.2026,Предоплата,22%,17283,7621,0,0,9662,17283,7621,9662,,,,,,,,,,,,
55595980993,55595980993,Продажа физлицу,"Тумба подвесная Vannika Kanna 60 с раковиной Фест 60 для ванной комнаты, дуб вотан, графит софт",451.ТП.V.Kanna.КФЕС,1,1,31.03.2026,01.04.2026,05.04.2026,Предоплата,22%,20953,9387,0,0,11566,20953,9387,11566,,,,,,,,,,,,
55598868544,55598868544,Продажа физлицу,"Шкаф-зеркало Vannika Bliss 50 для ванной комнаты, дуб вотан",443.ЗШ.V.Bliss.МОД,1,1,31.03.2026,01.04.2026,04.04.2026,Предоплата,22%,6965,3377,0,0,3588,6965,3377,3588,,,,,,,,,,,,
55598868544,55598868544,Продажа физлицу,"Тумба подвесная Vannika Rinni 60 с раковиной Фест 60 для ванной комнаты, дуб вотан",433.ТП.V.Rinni.ВКФЕС,1,1,31.03.2026,01.04.2026,04.04.2026,Предоплата,22%,23334,9675,0,0,13659,23334,9675,13659,,,,,,,,,,,,
55598868544,55598868544,Продажа физлицу,"Шкаф-пенал напольно/подвесной Vannika Rinni для ванной комнаты, дуб вотан",436.ШП.V.Rinni.В,1,1,31.03.2026,01.04.2026,04.04.2026,Предоплата,22%,17733,7228,0,0,10505,17733,7228,10505,,,,,,,,,,,,
55601472963,55601472963,Продажа физлицу,"Тумба подвесная Vannika Kanna 70 с раковиной Фостер 70 для ванной комнаты, дуб вотан, графит софт",T.KANNA.П-70П-SET-FOS,1,1,31.03.2026,01.04.2026,05.04.2026,Предоплата,22%,30844,15306,0,1732,13806,30844,17038,13806,,,,,,,,,,,,
55607340035,55607340035,Продажа физлицу,"Тумба напольная Vannika Bliss 80 с раковиной Como 80 для ванной комнаты, белая",225.ТН.V.Bliss.ККОМ,1,1,31.03.2026,02.04.2026,04.04.2026,Предоплата,22%,27797,11389,0,0,16408,27797,11389,16408,,,,,,,,,,,,
55613225665,55613225665,Продажа физлицу,"Шкаф-зеркало Vannika Canto 60 для ванной комнаты, дуб вотан, шкаф витрина",444.ЗШ.V.Canto.ДИВ,1,1,31.03.2026,02.04.2026,07.04.2026,При получении,22%,7181,3138,0,0,4043,7181,3138,4043,,,,,,,,,,,,
55613694400,55613694400,Продажа физлицу,"Шкаф-зеркало Vannika Canto 60 для ванной комнаты, дуб вотан, шкаф витрина",444.ЗШ.V.Canto.ДИВ,1,1,31.03.2026,02.04.2026,05.04.2026,Предоплата,22%,7182,3310,0,0,3872,7182,3310,3872,,,,,,,,,,,,
55619548225,55619548225,Продажа физлицу,"Шкаф-зеркало Vannika Kanna 50 для ванной комнаты, дуб вотан",443.ЗШ.V.Kanna.ЛАВ,1,1,01.04.2026,02.04.2026,06.04.2026,Яндекс.Сплит (предоплата),22%,6936,3035,0,0,3901,6936,3035,3901,,,,,,,,,,,,
55625527106,55625527106,Продажа физлицу,"Шкаф-зеркало Vannika Canto 70 для ванной комнаты, дуб вотан",445.ЗШ.V.Canto.ДИВ,1,1,01.04.2026,02.04.2026,06.04.2026,Предоплата,22%,7955,3510,0,0,4445,7955,3510,4445,,,,,,,,,,,,
55630882563,55630882563,Продажа физлицу,"Тумба подвесная Vannika Vastra 80 с раковиной Фостер 80 для ванной комнаты, дуб вотан",441.ТП.V.Vastra.КФОС,1,1,01.04.2026,03.04.2026,04.04.2026,Предоплата,22%,28171,11575,0,0,16596,28171,11575,16596,,,,,,,,,,,,
55638653634,55638653634,Продажа физлицу,"Тумба подвесная Vannika Glad 50 с раковиной Como 50 для ванной комнаты, cappuccino",518.ТП.V.Glad.ККОМ,1,1,01.04.2026,02.04.2026,15.04.2026,При получении,22%,21236,9587,0,0,11649,21236,9587,11649,,,,,,,,,,,,
55639545923,55639545923,Продажа физлицу,"Шкаф-зеркало Vannika Vastra 60 для ванной комнаты, дуб вотан",444.ЗШ.V.Vastra,1,1,01.04.2026,02.04.2026,04.04.2026,При получении,22%,7790,3782,0,0,4008,7790,3782,4008,,,,,,,,,,,,
55639656640,55639656640,Продажа физлицу,"Шкаф-зеркало Vannika Vastra 50 для ванной комнаты, дуб вотан",443.ЗШ.V.Vastra,1,1,01.04.2026,02.04.2026,04.04.2026,Предоплата,22%,6936,2904,0,0,4032,6936,2904,4032,,,,,,,,,,,,
55639804225,55639804225,Продажа физлицу,"Тумба напольная Vannika Bliss 80 с раковиной Como 80 для ванной комнаты, белая",225.ТН.V.Bliss.ККОМ,1,1,01.04.2026,03.04.2026,06.04.2026,Предоплата,22%,27671,13146,0,0,14525,27671,13146,14525,,,,,,,,,,,,
55642571458,55642571458,Продажа физлицу,"Шкаф-пенал напольно/подвесной Vannika Bliss для ванной комнаты, дуб вотан, графит софт",476.ШП.V.Bliss.МОД,1,1,01.04.2026,02.04.2026,05.04.2026,Яндекс.Сплит (предоплата),22%,19256,10105,0,0,9151,19256,10105,9151,,,,,,,,,,,,
55642571458,55642571458,Продажа физлицу,"Тумба напольная без раковины Vannika Faro 60 для ванной комнаты, дуб вотан, графит софт",431.ТН.V.Faro,1,1,01.04.2026,02.04.2026,05.04.2026,Яндекс.Сплит (предоплата),22%,20438,10669,0,0,9769,20438,10669,9769,,,,,,,,,,,,
55644092161,55644092161,Продажа физлицу,"Шкаф-зеркало с подсветкой Vannika Flavia 60 для ванной комнаты, белый",174.ЗШ.V.Flavia,1,1,01.04.2026,03.04.2026,11.04.2026,При получении,22%,9954,4955,0,0,4999,9954,4955,4999,,,,,,,,,,,,
55646411713,55646411713,Продажа физлицу,"Тумба напольная Vannika Bliss 80 с раковиной Como 80 для ванной комнаты, белая",225.ТН.V.Bliss.ККОМ,1,1,01.04.2026,03.04.2026,04.04.2026,Предоплата,22%,27668,10025,0,0,17643,27668,10025,17643,,,,,,,,,,,,
55649619585,55649619585,Продажа физлицу,"Тумба подвесная Vannika Glad 100 с раковиной Гармония 100 для ванной комнаты, белая",309.ТП.V.Glad.КГАР,1,1,01.04.2026,03.04.2026,04.04.2026,Предоплата,22%,48366,17314,0,0,31052,48366,17314,31052,,,,,,,,,,,,
55651284931,55651284931,Продажа физлицу,"Тумба подвесная Vannika Glad 60 с раковиной Como 60 для ванной комнаты, cappuccino",519.ТП.V.Glad.ККОМ,1,1,01.04.2026,03.04.2026,05.04.2026,Предоплата,22%,24196,8714,0,0,15482,24196,8714,15482,,,,,,,,,,,,
55661779266,55661779266,Продажа физлицу,"Шкаф для стиральной машины напольный Vannika Kanna для ванной комнаты, дуб вотан, графит софт",455.ШДС.V.Kanna,1,1,02.04.2026,03.04.2026,04.04.2026,Предоплата,22%,23832,7568,0,0,16264,23832,7568,16264,,,,,,,,,,,,
55667329216,55667329216,Продажа физлицу,"Тумба напольная без раковины Vannika Bliss 70 для ванной комнаты, графит софт",480.ТН.V.Bliss.Р,1,1,02.04.2026,03.04.2026,07.04.2026,Предоплата,22%,16576,5016,0,0,11560,16576,5016,11560,,,,,,,,,,,,
55674427906,55674427906,Продажа физлицу,"Тумба напольная Vannika Bliss 80 с раковиной Como 80 для ванной комнаты, белая",225.ТН.V.Bliss.ККОМ,1,1,02.04.2026,03.04.2026,12.04.2026,Яндекс.Сплит (предоплата),22%,26916,10180,0,0,16736,26916,10180,16736,,,,,,,,,,,,
55676508162,55676508162,Продажа физлицу,"Шкаф-зеркало ""Vannika"" Canto, модульный, ЛДСП, 50 см x 72,9 см x 14,8 см",443.ЗШ.V.Canto.ДИВ,1,1,02.04.2026,03.04.2026,04.04.2026,Предоплата,22%,6965,2832,0,0,4133,6965,2832,4133,,,,,,,,,,,,
55678619777,55678619777,Продажа физлицу,"Шкаф для стиральной машины напольный Vannika Kanna для ванной комнаты, дуб вотан, графит софт",455.ШДС.V.Kanna,1,1,02.04.2026,03.04.2026,05.04.2026,Предоплата,22%,23713,7590,0,0,16123,23713,7590,16123,,,,,,,,,,,,
55679203394,55679203394,Продажа физлицу,"Тумба подвесная Vannika Glad 60 с раковиной Como 60 для ванной комнаты, cappuccino",519.ТП.V.Glad.ККОМ,1,1,02.04.2026,03.04.2026,06.04.2026,Предоплата,22%,24196,7714,0,0,16482,24196,7714,16482,,,,,,,,,,,,
55683526593,55683526593,Продажа физлицу,"Тумба напольная Vannika Bliss 80 с раковиной Como 80 для ванной комнаты, белая",225.ТН.V.Bliss.ККОМ,2,2,02.04.2026,06.04.2026,15.04.2026,Предоплата,22%,27681,12781,0,0,14900,55362,25562,29800,,,,,,,,,,,,
55684508608,55684508608,Продажа физлицу,"Тумба подвесная Vannika Glad 60 с раковиной Como 60 для ванной комнаты, cappuccino",519.ТП.V.Glad.ККОМ,1,1,02.04.2026,04.04.2026,08.04.2026,Предоплата,22%,24196,8868,0,0,15328,24196,8868,15328,,,,,,,,,,,,
55692910274,55692910274,Продажа физлицу,"Шкаф-пенал напольно/подвесной Vannika Bliss для ванной комнаты, дуб вотан, графит софт",476.ШП.V.Bliss.МОД,1,1,03.04.2026,05.04.2026,06.04.2026,Предоплата,22%,19335,7066,0,0,12269,19335,7066,12269,,,,,,,,,,,,
55701353474,55701353474,Продажа физлицу,"Шкаф для стиральной машины напольный Vannika Uni для ванной комнаты, белый",312.ШДС.V.Uni,1,1,03.04.2026,06.04.2026,10.04.2026,Предоплата,22%,20363,9638,0,9652,1073,20363,19290,1073,,,,,,,,,,,,
55703427009,55703427009,Продажа физлицу,"Тумба напольная Vannika Bliss 60 с раковиной Фест 60 для ванной комнаты, белая, дуб вотан",484.ТН.V.Bliss.РКФЕС,1,1,03.04.2026,04.04.2026,06.04.2026,Предоплата,22%,21669,7586,0,0,14083,21669,7586,14083,,,,,,,,,,,,
55709791937,55709791937,Продажа физлицу,"Шкаф-пенал напольно-подвесной Vannika Flavia 50 для ванной комнаты, белый",384.ШП.V.Flavia,1,1,03.04.2026,07.04.2026,08.04.2026,Предоплата,22%,22216,6692,0,0,15524,22216,6692,15524,,,,,,,,,,,,
55715128323,55715128323,Продажа физлицу,"Тумба подвесная Vannika Mirva 80 с раковиной Como 80 для ванной комнаты, белая",287.ТП.V.Mirva.ККОМ,1,1,03.04.2026,04.04.2026,05.04.2026,Предоплата,22%,28415,10681,0,0,17734,28415,10681,17734,,,,,,,,,,,,
55715128323,55715128323,Продажа физлицу,"Шкаф-пенал напольно/подвесной Vannika Mirva для ванной комнаты, белый",281.ШП.V.Mirva,1,1,03.04.2026,04.04.2026,05.04.2026,Предоплата,22%,14782,6469,0,0,8313,14782,6469,8313,,,,,,,,,,,,
55721198848,55721198848,Продажа физлицу,"Тумба подвесная без раковины Vannika Glad 100 для ванной комнаты, cappuccino",522.ТП.V.Glad,1,1,03.04.2026,05.04.2026,09.04.2026,Предоплата,22%,22022,10401,0,0,11621,22022,10401,11621,,,,,,,,,,,,
55722226496,55722226496,Продажа физлицу,"Шкаф-зеркало Vannika Kanna 50 для ванной комнаты, дуб вотан",443.ЗШ.V.Kanna.ЛАВ,1,1,03.04.2026,05.04.2026,07.04.2026,Предоплата,22%,6936,3017,0,0,3919,6936,3017,3919,,,,,,,,,,,,
55725053507,55725053507,Продажа физлицу,"Шкаф-пенал напольно-подвесной Vannika Flavia 50 для ванной комнаты, белый",384.ШП.V.Flavia,1,1,04.04.2026,05.04.2026,07.04.2026,Предоплата,22%,22216,7963,0,0,14253,22216,7963,14253,,,,,,,,,,,,
55725586242,55725586242,Продажа физлицу,"Тумба напольная Vannika Bliss 80 с раковиной Como 80 для ванной комнаты, белая",225.ТН.V.Bliss.ККОМ,1,1,04.04.2026,05.04.2026,07.04.2026,Предоплата,22%,27797,10796,0,0,17001,27797,10796,17001,,,,,,,,,,,,
55729729987,55729729987,Продажа физлицу,"Тумба напольная Vannika Bliss 80 с раковиной Como 80 для ванной комнаты, белая",225.ТН.V.Bliss.ККОМ,1,1,04.04.2026,05.04.2026,06.04.2026,Предоплата,22%,27797,11279,0,0,16518,27797,11279,16518,,,,,,,,,,,,
55732235650,55732235650,Продажа физлицу,"Тумба напольная без раковины Vannika Faro 40 для ванной комнаты, дуб вотан, графит софт",429.ТН.V.Faro,1,1,04.04.2026,05.04.2026,11.04.2026,Предоплата,22%,17412,8238,0,0,9174,17412,8238,9174,,,,,,,,,,,,
55734656192,55734656192,Продажа физлицу,"Шкаф-зеркало Vannika Vastra 60 для ванной комнаты, дуб вотан",444.ЗШ.V.Vastra,1,1,04.04.2026,05.04.2026,09.04.2026,Яндекс.Сплит (предоплата),22%,7823,3052,0,0,4771,7823,3052,4771,,,,,,,,,,,,
55740660097,55740660097,Продажа физлицу,"Шкаф-зеркало ""Vannika"" Canto, модульный, ЛДСП, 50 см x 72,9 см x 14,8 см",443.ЗШ.V.Canto.ДИВ,1,1,04.04.2026,05.04.2026,07.04.2026,Предоплата,22%,6965,2769,0,0,4196,6965,2769,4196,,,,,,,,,,,,
55743104770,55743104770,Продажа физлицу,"Тумба напольная Vannika Flavia 60 с раковиной Фест 60 для ванной комнаты, белая",168.ТН.V.Flavia.КФЕС,1,1,04.04.2026,05.04.2026,12.04.2026,Яндекс.Сплит (предоплата),22%,22698,9537,0,0,13161,22698,9537,13161,,,,,,,,,,,,
55745560323,55745560323,Продажа физлицу,"Шкаф-зеркало Vannika Bliss 50 для ванной комнаты, дуб вотан",443.ЗШ.V.Bliss.МОД,1,1,04.04.2026,11.04.2026,13.04.2026,Предоплата,22%,6936,3082,0,0,3854,6936,3082,3854,,,,,,,,,,,,
55757041858,55757041858,Продажа физлицу,"Тумба подвесная Vannika Glad 60 с раковиной Como 60 для ванной комнаты, cappuccino",519.ТП.V.Glad.ККОМ,1,1,04.04.2026,06.04.2026,11.04.2026,Предоплата,22%,24078,8129,0,0,15949,24078,8129,15949,,,,,,,,,,,,
55758968131,55758968131,Продажа физлицу,"Шкаф-зеркало универсальное Vannika Uni 90 для ванной комнаты, белый",40.ЗШ.V.Uni,1,1,04.04.2026,06.04.2026,08.04.2026,Предоплата,22%,13408,5588,0,0,7820,13408,5588,7820,,,,,,,,,,,,
55759547011,55759547011,Продажа физлицу,"Тумба подвесная Vannika Mirva 70 с раковиной Фостер 70 для ванной комнаты, белая",286.ТП.V.Mirva.КФОС,1,1,04.04.2026,06.04.2026,09.04.2026,Предоплата,22%,25019,10615,0,0,14404,25019,10615,14404,,,,,,,,,,,,
55762737987,55762737987,Продажа физлицу,"Тумба подвесная без раковины Vannika Glad 100 для ванной комнаты, cappuccino",522.ТП.V.Glad,1,1,05.04.2026,07.04.2026,09.04.2026,Предоплата,22%,21920,8158,0,0,13762,21920,8158,13762,,,,,,,,,,,,
55763435585,55763435585,Продажа физлицу,"Шкаф-зеркало Vannika Bliss 60 для ванной комнаты, дуб вотан",444.ЗШ.V.Bliss.МОД,1,1,05.04.2026,09.04.2026,11.04.2026,Предоплата,22%,7823,3536,0,0,4287,7823,3536,4287,,,,,,,,,,,,
55764014785,55764014785,Продажа физлицу,"Шкаф-пенал подвесной Vannika Vastra для ванной комнаты, дуб вотан",437.ШП.V.Vastra,1,1,05.04.2026,06.04.2026,08.04.2026,Яндекс.Сплит (предоплата),22%,13729,4438,0,0,9291,13729,4438,9291,,,,,,,,,,,,
55767884928,55767884928,Продажа физлицу,"Шкаф-пенал напольно-подвесной Vannika Flavia 50 для ванной комнаты, белый",384.ШП.V.Flavia,1,1,05.04.2026,08.04.2026,10.04.2026,Предоплата,22%,22119,9922,0,0,12197,22119,9922,12197,,,,,,,,,,,,
55771653443,55771653443,Продажа физлицу,"Тумба напольная Vannika Flavia 80 с раковиной Фостер 80 для ванной комнаты, белая",170.ТН.V.Flavia.КФОС,1,1,05.04.2026,06.04.2026,07.04.2026,Предоплата,22%,31341,12766,0,0,18575,31341,12766,18575,,,,,,,,,,,,
55772275201,55772275201,Продажа физлицу,"Тумба подвесная без раковины Vannika Glad 70 для ванной комнаты, cappuccino",520.ТП.V.Glad,1,1,05.04.2026,06.04.2026,15.04.2026,Предоплата,22%,17808,6935,0,0,10873,17808,6935,10873,,,,,,,,,,,,
55777201665,55777201665,Продажа физлицу,"Шкаф-зеркало ""Vannika"" Canto, модульный, ЛДСП, 50 см x 72,9 см x 14,8 см",443.ЗШ.V.Canto.ДИВ,1,1,05.04.2026,06.04.2026,08.04.2026,При получении,22%,6965,2938,0,0,4027,6965,2938,4027,,,,,,,,,,,,
55777388035,55777388035,Продажа физлицу,"Тумба подвесная Vannika Glad 80 с раковиной Фест 80 для ванной комнаты, cappuccino",521.ТП.V.Glad.КФЕС,1,1,05.04.2026,06.04.2026,09.04.2026,Предоплата,22%,30037,9427,0,0,20610,30037,9427,20610,,,,,,,,,,,,
55778000195,55778000195,Продажа физлицу,"Шкаф-зеркало Vannika Vastra 60 для ванной комнаты, дуб вотан",444.ЗШ.V.Vastra,1,1,05.04.2026,09.04.2026,11.04.2026,Предоплата,22%,7788,3178,0,0,4610,7788,3178,4610,,,,,,,,,,,,
55780183106,55780183106,Продажа физлицу,"Тумба подвесная Vannika Kanna 60 с раковиной Фест 60 для ванной комнаты, дуб вотан, графит софт",451.ТП.V.Kanna.КФЕС,1,1,05.04.2026,16.04.2026,17.04.2026,Предоплата,22%,20953,8387,0,0,12566,20953,8387,12566,,,,,,,,,,,,
55783273986,55783273986,Продажа физлицу,"Шкаф-зеркало Vannika Kanna 70 для ванной комнаты, дуб вотан",445.ЗШ.V.Kanna.ЛАВ,1,1,05.04.2026,06.04.2026,12.04.2026,При получении,22%,8749,3646,0,0,5103,8749,3646,5103,,,,,,,,,,,,
55783971137,55783971137,Продажа физлицу,"Тумба напольная Vannika Bliss 60 с раковиной Фест 60 для ванной комнаты, белая, дуб вотан",484.ТН.V.Bliss.РКФЕС,1,1,05.04.2026,10.04.2026,18.04.2026,Предоплата,22%,21578,10242,0,0,11336,21578,10242,11336,,,,,,,,,,,,
55784087875,55784087875,Продажа физлицу,"Тумба напольная Vannika Bliss 70 с раковиной Como 70 для ванной комнаты, графит софт",480.ТН.V.Bliss.РККОМ,1,1,05.04.2026,06.04.2026,08.04.2026,Предоплата,22%,26958,11065,0,0,15893,26958,11065,15893,,,,,,,,,,,,
55785039041,55785039041,Продажа физлицу,"Тумба напольная без раковины Vannika Faro 40 для ванной комнаты, дуб вотан, графит софт",429.ТН.V.Faro,1,1,05.04.2026,06.04.2026,14.04.2026,При получении,22%,17334,7299,0,0,10035,17334,7299,10035,,,,,,,,,,,,
55785729089,55785729089,Продажа физлицу,"Шкаф-зеркало Vannika Bliss 60 для ванной комнаты, дуб вотан",444.ЗШ.V.Bliss.МОД,1,1,05.04.2026,06.04.2026,07.04.2026,Предоплата,22%,7823,2905,0,0,4918,7823,2905,4918,,,,,,,,,,,,
55786866881,55786866881,Продажа физлицу,"Тумба напольная Vannika Bliss 80 с раковиной Фостер 80 для ванной комнаты, графит софт",481.ТН.V.Bliss.РКФОС,1,1,05.04.2026,06.04.2026,08.04.2026,Предоплата,22%,30433,14028,0,0,16405,30433,14028,16405,,,,,,,,,,,,
55799416002,55799416002,Продажа физлицу,"Шкаф-пенал напольно/подвесной Vannika Kanna 50 для ванной комнаты, дуб вотан, графит софт",456.ШП.V.Kanna,1,1,06.04.2026,07.04.2026,10.04.2026,Предоплата,22%,22436,6956,0,0,15480,22436,6956,15480,,,,,,,,,,,,
55803824833,55803824833,Продажа физлицу,"Тумба подвесная Vannika Vastra 80 с раковиной Фест 80 для ванной комнаты, дуб вотан",441.ТП.V.Vastra.КФЕС,1,1,06.04.2026,07.04.2026,11.04.2026,Предоплата,22%,27818,12272,0,0,15546,27818,12272,15546,,,,,,,,,,,,
55816416194,55816416194,Продажа физлицу,"Шкаф-зеркало с подсветкой Vannika Flavia 60 для ванной комнаты, белый",174.ЗШ.V.Flavia,1,1,06.04.2026,07.04.2026,10.04.2026,Предоплата,22%,9990,4613,0,0,5377,9990,4613,5377,,,,,,,,,,,,
55817918208,55817918208,Продажа физлицу,"Шкаф-зеркало Vannika Canto 60 для ванной комнаты, дуб вотан, шкаф витрина",444.ЗШ.V.Canto.ДИВ,1,1,06.04.2026,07.04.2026,13.04.2026,При получении,22%,7823,2957,0,0,4866,7823,2957,4866,,,,,,,,,,,,
55822587075,55822587075,Продажа физлицу,"Тумба подвесная Vannika Vastra 80 с раковиной Фостер 80 для ванной комнаты, дуб вотан",441.ТП.V.Vastra.КФОС,1,1,06.04.2026,08.04.2026,12.04.2026,Предоплата,22%,28171,10682,0,1,17488,28171,10683,17488,,,,,,,,,,,,
55825180032,55825180032,Продажа физлицу,"Тумба подвесная без раковины Vannika Glad 90 для ванной комнаты, белая",364.ТП.V.Glad,1,1,06.04.2026,08.04.2026,09.04.2026,Яндекс.Сплит (предоплата),22%,26643,11147,0,0,15496,26643,11147,15496,,,,,,,,,,,,
55825870210,55825870210,Продажа физлицу,"Шкаф-зеркало Vannika Vastra 50 для ванной комнаты, дуб вотан",443.ЗШ.V.Vastra,1,1,06.04.2026,08.04.2026,10.04.2026,Предоплата,22%,6936,2915,0,0,4021,6936,2915,4021,,,,,,,,,,,,
55838378561,55838378561,Продажа физлицу,"Шкаф-зеркало Vannika Bliss 50 для ванной комнаты, дуб вотан",443.ЗШ.V.Bliss.МОД,1,1,07.04.2026,08.04.2026,13.04.2026,Предоплата,22%,6965,3483,0,804,2678,6965,4287,2678,,,,,,,,,,,,
55838851843,55838851843,Продажа физлицу,"Шкаф-зеркало Vannika Vastra 50 для ванной комнаты, дуб вотан",443.ЗШ.V.Vastra,1,1,07.04.2026,08.04.2026,11.04.2026,Предоплата,22%,6965,2776,0,0,4189,6965,2776,4189,,,,,,,,,,,,
55840775683,55840775683,Продажа физлицу,"Тумба подвесная Vannika Flavia 70 с раковиной Фостер 70 для ванной комнаты, белая",172.ТП.V.Flavia.КФОС,1,1,07.04.2026,08.04.2026,09.04.2026,Предоплата,22%,24552,9876,0,0,14676,24552,9876,14676,,,,,,,,,,,,
55842340482,55842340482,Продажа физлицу,"Тумба подвесная Vannika Mirva 70 с раковиной Фостер 70 для ванной комнаты, белая",286.ТП.V.Mirva.КФОС,1,1,07.04.2026,11.04.2026,12.04.2026,Яндекс.Сплит (предоплата),22%,25027,12408,0,272,12347,25027,12680,12347,,,,,,,,,,,,
55843049024,55843049024,Продажа физлицу,"Тумба подвесная Vannika Vastra 80 с раковиной Фест 80 для ванной комнаты, дуб вотан",441.ТП.V.Vastra.КФЕС,1,1,07.04.2026,08.04.2026,13.04.2026,Предоплата,22%,27818,12204,0,0,15614,27818,12204,15614,,,,,,,,,,,,
55843324673,55843324673,Продажа физлицу,"Тумба подвесная без раковины Vannika Glad 60 для ванной комнаты, cappuccino",519.ТП.V.Glad,1,1,07.04.2026,08.04.2026,10.04.2026,Предоплата,22%,16830,6221,0,0,10609,16830,6221,10609,,,,,,,,,,,,
55843324673,55843324673,Продажа физлицу,"Шкаф-пенал подвесной Vannika Glad для ванной комнаты, cappuccino",523.ШП.V.Glad.Р,1,1,07.04.2026,08.04.2026,10.04.2026,Предоплата,22%,21971,6471,0,0,15500,21971,6471,15500,,,,,,,,,,,,
55843673408,55843673408,Продажа физлицу,"Тумба напольная без раковины Vannika Bliss 70 для ванной комнаты, белая, дуб вотан",485.ТН.V.Bliss.Р,1,1,07.04.2026,09.04.2026,10.04.2026,Предоплата,22%,16500,6003,0,0,10497,16500,6003,10497,,,,,,,,,,,,
55844110528,55844110528,Продажа физлицу,"Тумба подвесная Vannika Vastra 80 с раковиной Фест 80 для ванной комнаты, дуб вотан",441.ТП.V.Vastra.КФЕС,1,1,07.04.2026,09.04.2026,10.04.2026,Предоплата,22%,27712,13071,0,0,14641,27712,13071,14641,,,,,,,,,,,,
55849151299,55849151299,Продажа физлицу,"Тумба напольная Vannika Bliss 60 с раковиной Фостер 60 для ванной комнаты, Gold Craft",525.ТН.V.Bliss.РКФОС,1,1,07.04.2026,10.04.2026,14.04.2026,Предоплата,22%,21772,7887,0,0,13885,21772,7887,13885,,,,,,,,,,,,
55852479682,55852479682,Продажа физлицу,"Тумба напольная без раковины Vannika Bliss 70 для ванной комнаты, белая, дуб вотан",485.ТН.V.Bliss.Р,1,1,07.04.2026,10.04.2026,11.04.2026,Предоплата,22%,16500,6003,0,0,10497,16500,6003,10497,,,,,,,,,,,,
55852948929,55852948929,Продажа физлицу,"Шкаф-пенал подвесной Vannika Vastra для ванной комнаты, дуб вотан",437.ШП.V.Vastra,1,1,07.04.2026,08.04.2026,13.04.2026,Предоплата,22%,13665,5209,0,0,8456,13665,5209,8456,,,,,,,,,,,,
55852948929,55852948929,Продажа физлицу,"Шкаф-зеркало Vannika Canto 70 для ванной комнаты, дуб вотан",445.ЗШ.V.Canto.ДИВ,1,1,07.04.2026,08.04.2026,13.04.2026,Предоплата,22%,8747,3490,0,0,5257,8747,3490,5257,,,,,,,,,,,,
55854551808,55854551808,Продажа физлицу,"Тумба подвесная Vannika Vastra 90 с раковиной Квадро 90 для ванной комнаты,дуб вотан",469.ТП.V.Vastra.ККВА,1,1,07.04.2026,08.04.2026,12.04.2026,Предоплата,22%,40825,13930,0,0,26895,40825,13930,26895,,,,,,,,,,,,
55854696706,55854696706,Продажа физлицу,"Шкаф-зеркало Vannika Bliss 50 для ванной комнаты, дуб вотан",443.ЗШ.V.Bliss.МОД,1,1,07.04.2026,08.04.2026,09.04.2026,Предоплата,22%,6935,2945,0,0,3990,6935,2945,3990,,,,,,,,,,,,
55856728129,55856728129,Продажа физлицу,"Тумба подвесная Vannika Mirva 70 с раковиной Фостер 70 для ванной комнаты, белая",286.ТП.V.Mirva.КФОС,1,1,07.04.2026,09.04.2026,13.04.2026,Предоплата,22%,25126,11350,0,0,13776,25126,11350,13776,,,,,,,,,,,,
55862820096,55862820096,Продажа физлицу,"Тумба напольная Vannika Bliss 80 с раковиной Фостер 80 для ванной комнаты, графит софт",481.ТН.V.Bliss.РКФОС,1,1,07.04.2026,09.04.2026,10.04.2026,Предоплата,22%,30554,14082,0,0,16472,30554,14082,16472,,,,,,,,,,,,
55865713347,55865713347,Продажа физлицу,"Шкаф-зеркало с подсветкой Vannika Mirva 80 для ванной комнаты, белый",280.ЗШ.V.Mirva,1,1,08.04.2026,09.04.2026,19.04.2026,Предоплата,22%,11749,6628,0,0,5121,11749,6628,5121,,,,,,,,,,,,
55867212866,55867212866,Продажа физлицу,"Шкаф-зеркало Vannika Vastra 50 для ванной комнаты, дуб вотан",443.ЗШ.V.Vastra,1,1,08.04.2026,09.04.2026,13.04.2026,Предоплата,22%,6965,2684,0,0,4281,6965,2684,4281,,,,,,,,,,,,
55870559106,55870559106,Продажа физлицу,"Шкаф-зеркало с подсветкой Vannika Flavia 60 для ванной комнаты, белый",174.ЗШ.V.Flavia,1,1,08.04.2026,12.04.2026,14.04.2026,Яндекс.Сплит (предоплата),22%,9951,5028,0,0,4923,9951,5028,4923,,,,,,,,,,,,
55871404867,55871404867,Продажа физлицу,"Шкаф-пенал напольно-подвесной Vannika Flavia 50 для ванной комнаты, белый",384.ШП.V.Flavia,1,1,08.04.2026,09.04.2026,10.04.2026,Предоплата,22%,22117,8548,0,0,13569,22117,8548,13569,,,,,,,,,,,,
55871437890,55871437890,Продажа физлицу,"Тумба напольная Vannika Bliss 80 с раковиной Como 80 для ванной комнаты, белая",225.ТН.V.Bliss.ККОМ,1,1,08.04.2026,09.04.2026,11.04.2026,Предоплата,22%,27797,13591,0,0,14206,27797,13591,14206,,,,,,,,,,,,
55871914240,55871914240,Продажа физлицу,"Шкаф-пенал напольно-подвесной Vannika Flavia 50 для ванной комнаты, белый",384.ШП.V.Flavia,1,1,08.04.2026,11.04.2026,13.04.2026,Предоплата,22%,22117,10448,0,0,11669,22117,10448,11669,,,,,,,,,,,,
55876940867,55876940867,Продажа физлицу,"Тумба подвесная Vannika Mirva 100 Без раковины для ванной комнаты, Грей",544.ТП.V.Mirva,1,1,08.04.2026,09.04.2026,12.04.2026,Предоплата,22%,24373,11662,0,0,12711,24373,11662,12711,,,,,,,,,,,,
55880063235,55880063235,Продажа физлицу,"Шкаф-зеркало с подсветкой Vannika Flavia 60 для ванной комнаты, белый",174.ЗШ.V.Flavia,1,1,08.04.2026,09.04.2026,11.04.2026,Предоплата,22%,9949,4807,0,0,5142,9949,4807,5142,,,,,,,,,,,,
55881916353,55881916353,Продажа физлицу,"Тумба напольная Vannika Bliss 80 с раковиной Como 80 для ванной комнаты, белая",225.ТН.V.Bliss.ККОМ,1,1,08.04.2026,10.04.2026,12.04.2026,Предоплата,22%,27797,12094,0,0,15703,27797,12094,15703,,,,,,,,,,,,
55883225347,55883225347,Продажа физлицу,"Шкаф для стиральной машины напольный Vannika Uni для ванной комнаты, белый",312.ШДС.V.Uni,1,1,08.04.2026,09.04.2026,11.04.2026,Предоплата,22%,20351,6747,0,0,13604,20351,6747,13604,,,,,,,,,,,,
55883656002,55883656002,Продажа физлицу,"Тумба напольная Vannika Bliss 80 с раковиной Como 80 для ванной комнаты, белая",225.ТН.V.Bliss.ККОМ,1,1,08.04.2026,09.04.2026,13.04.2026,Предоплата,22%,27797,13298,0,0,14499,27797,13298,14499,,,,,,,,,,,,
55886969345,55886969345,Продажа физлицу,"Шкаф-зеркало Vannika Bliss 50 для ванной комнаты, дуб вотан",443.ЗШ.V.Bliss.МОД,1,1,08.04.2026,09.04.2026,11.04.2026,При получении,22%,6965,2772,0,0,4193,6965,2772,4193,,,,,,,,,,,,
55887689216,55887689216,Продажа физлицу,"Шкаф-пенал напольно-подвесной Vannika Flavia 50 для ванной комнаты, белый",384.ШП.V.Flavia,1,1,08.04.2026,09.04.2026,15.04.2026,Яндекс.Сплит (предоплата),22%,22216,8888,0,0,13328,22216,8888,13328,,,,,,,,,,,,
55888321472,55888321472,Продажа физлицу,"Тумба подвесная Vannika Mirva 70 с раковиной Фостер 70 для ванной комнаты, белая",286.ТП.V.Mirva.КФОС,1,1,08.04.2026,09.04.2026,10.04.2026,Предоплата,22%,25126,11731,0,0,13395,25126,11731,13395,,,,,,,,,,,,
55889509824,55889509824,Продажа физлицу,"Тумба напольная Vannika Bliss 80 с раковиной Como 80 для ванной комнаты, белая",225.ТН.V.Bliss.ККОМ,1,1,08.04.2026,11.04.2026,14.04.2026,Яндекс.Сплит (предоплата),22%,27672,12331,0,0,15341,27672,12331,15341,,,,,,,,,,,,
55889885888,55889885888,Продажа физлицу,"Шкаф-зеркало с подсветкой Vannika Flavia 60 для ванной комнаты, белый",174.ЗШ.V.Flavia,1,1,08.04.2026,09.04.2026,21.04.2026,Предоплата,22%,9949,4241,0,0,5708,9949,4241,5708,,,,,,,,,,,,
55891891011,55891891011,Продажа физлицу,"Шкаф-пенал подвесной Vannika Kanna для ванной комнаты, дуб вотан, графит софт",449.ШП.V.Bliss.МОД,1,1,08.04.2026,09.04.2026,13.04.2026,Предоплата,22%,14169,5406,0,0,8763,14169,5406,8763,,,,,,,,,,,,
55894332483,55894332483,Продажа физлицу,"Тумба подвесная Vannika Glad 50 с раковиной Фостер 50 для ванной комнаты, cappuccino",518.ТП.V.Glad.КФОС,1,1,08.04.2026,16.04.2026,18.04.2026,Предоплата,22%,21300,8506,0,0,12794,21300,8506,12794,,,,,,,,,,,,
55895373249,55895373249,Продажа физлицу,"Тумба напольная Vannika Bliss 80 с раковиной Como 80 для ванной комнаты, белая",225.ТН.V.Bliss.ККОМ,1,1,08.04.2026,11.04.2026,14.04.2026,Предоплата,22%,27672,10607,0,0,17065,27672,10607,17065,,,,,,,,,,,,
55895400129,55895400129,Продажа физлицу,"Тумба напольная Vannika Bliss 80 с раковиной Como 80 для ванной комнаты, белая",225.ТН.V.Bliss.ККОМ,1,1,08.04.2026,10.04.2026,13.04.2026,Предоплата,22%,27797,11520,0,200,16077,27797,11720,16077,,,,,,,,,,,,
55897300547,55897300547,Продажа физлицу,"Шкаф-зеркало Vannika Kanna 70 для ванной комнаты, дуб вотан",445.ЗШ.V.Kanna.ЛАВ,1,1,08.04.2026,10.04.2026,12.04.2026,При получении,22%,8787,4605,0,0,4182,8787,4605,4182,,,,,,,,,,,,
55900428675,55900428675,Продажа физлицу,"Тумба напольная Vannika Flavia 80 с раковиной Фостер 80 для ванной комнаты, белая",170.ТН.V.Flavia.КФОС,1,1,08.04.2026,16.04.2026,18.04.2026,Предоплата,22%,31478,15466,0,0,16012,31478,15466,16012,,,,,,,,,,,,
55900684481,55900684481,Продажа физлицу,"Тумба подвесная Vannika Vastra 80 с раковиной Фостер 80 для ванной комнаты, дуб вотан",441.ТП.V.Vastra.КФОС,1,1,08.04.2026,11.04.2026,14.04.2026,Предоплата,22%,28171,10977,0,0,17194,28171,10977,17194,,,,,,,,,,,,
55910364483,55910364483,Продажа физлицу,"Тумба напольная Vannika Bliss 80 с раковиной Como 80 для ванной комнаты, белая",225.ТН.V.Bliss.ККОМ,1,1,09.04.2026,10.04.2026,14.04.2026,Предоплата,22%,27677,11162,0,0,16515,27677,11162,16515,,,,,,,,,,,,
55913550144,55913550144,Продажа физлицу,"Тумба подвесная Vannika Glad 70 с раковиной Фостер 70 для ванной комнаты, cappuccino",520.ТП.V.Glad.КФОС,1,1,09.04.2026,10.04.2026,11.04.2026,Предоплата,22%,27102,9983,0,0,17119,27102,9983,17119,,,,,,,,,,,,
55933308673,55933308673,Продажа физлицу,"Тумба подвесная Vannika Vastra 100 с раковиной Фостер 100 для ванной комнаты, дуб вотан",442.ТП.V.Vastra.КФОС,1,1,09.04.2026,18.04.2026,29.04.2026,Предоплата,22%,35411,14561,0,0,20850,35411,14561,20850,,,,,,,,,,,,
55945934336,55945934336,Продажа физлицу,"Тумба напольная Vannika Bliss 80 с раковиной Como 80 для ванной комнаты, белая",225.ТН.V.Bliss.ККОМ,1,1,10.04.2026,11.04.2026,12.04.2026,Предоплата,22%,27678,12381,0,44,15253,27678,12425,15253,,,,,,,,,,,,
55951116865,55951116865,Продажа физлицу,"Тумба напольная Vannika Flavia 70 с раковиной Фостер 70 для ванной комнаты, белая",169.ТН.V.Flavia.КФОС,1,1,10.04.2026,12.04.2026,14.04.2026,Яндекс.Сплит (предоплата),22%,27931,11879,0,0,16052,27931,11879,16052,,,,,,,,,,,,
55954164864,55954164864,Продажа физлицу,"Тумба напольная Vannika Bliss 80 с раковиной Como 80 для ванной комнаты, белая",225.ТН.V.Bliss.ККОМ,1,1,10.04.2026,11.04.2026,15.04.2026,Предоплата,22%,27678,12381,0,0,15297,27678,12381,15297,,,,,,,,,,,,
55957526787,55957526787,Продажа физлицу,"Тумба напольная Vannika Flavia 80 с раковиной Фест 80 для ванной комнаты, белая",170.ТН.V.Flavia.КФЕС,1,1,10.04.2026,12.04.2026,15.04.2026,Предоплата,22%,31006,14694,0,0,16312,31006,14694,16312,,,,,,,,,,,,
55963356867,55963356867,Продажа физлицу,"Тумба напольная без раковины Vannika Bliss 50 для ванной комнаты, белая",222.ТН.V.Bliss,1,1,10.04.2026,12.04.2026,16.04.2026,Предоплата,22%,11394,1724,0,0,9670,11394,1724,9670,,,,,,,,,,,,
55979432000,55979432000,Продажа физлицу,"Тумба напольная Vannika Flavia 70 с раковиной Фостер 70 для ванной комнаты, белая",169.ТН.V.Flavia.КФОС,1,1,11.04.2026,12.04.2026,20.04.2026,Предоплата,22%,28048,11808,0,1273,14967,28048,13081,14967,,,,,,,,,,,,
55981253698,55981253698,Продажа физлицу,"Шкаф-зеркало Vannika Vastra 60 для ванной комнаты, дуб вотан",444.ЗШ.V.Vastra,1,1,11.04.2026,12.04.2026,14.04.2026,Предоплата,22%,7791,3349,0,0,4442,7791,3349,4442,,,,,,,,,,,,
55982375746,55982375746,Продажа физлицу,"Шкаф-зеркало ""Vannika"" Canto, модульный, ЛДСП, 50 см x 72,9 см x 14,8 см",443.ЗШ.V.Canto.ДИВ,1,1,11.04.2026,12.04.2026,15.04.2026,Предоплата,22%,6965,3059,0,0,3906,6965,3059,3906,,,,,,,,,,,,
55984759362,55984759362,Продажа физлицу,"Тумба напольная Vannika Bliss 80 с раковиной Como 80 для ванной комнаты, белая",225.ТН.V.Bliss.ККОМ,1,1,11.04.2026,12.04.2026,15.04.2026,Предоплата,22%,27677,12255,0,0,15422,27677,12255,15422,,,,,,,,,,,,
55986547648,55986547648,Продажа физлицу,"Шкаф-зеркало с подсветкой Vannika Flavia 70 для ванной комнаты, белый",175.ЗШ.V.Flavia,1,1,11.04.2026,12.04.2026,14.04.2026,Предоплата,22%,10813,4660,0,0,6153,10813,4660,6153,,,,,,,,,,,,
55988264512,55988264512,Продажа физлицу,"Шкаф-пенал напольно/подвесной Vannika Flavia 60 для ванной комнаты, белый",468.ШП.V.Flavia,1,1,11.04.2026,12.04.2026,15.04.2026,Предоплата,22%,27992,9985,0,0,18007,27992,9985,18007,,,,,,,,,,,,
55988599040,55988599040,Продажа физлицу,"Тумба подвесная Vannika Glad 70 с раковиной Фостер 70 для ванной комнаты, cappuccino",520.ТП.V.Glad.КФОС,1,1,11.04.2026,12.04.2026,16.04.2026,Предоплата,22%,26980,10157,0,579,16244,26980,10736,16244,,,,,,,,,,,,
55991879809,55991879809,Продажа физлицу,"Тумба напольная Vannika Bliss 80 с раковиной Como 80 для ванной комнаты, белая",225.ТН.V.Bliss.ККОМ,1,1,11.04.2026,12.04.2026,15.04.2026,Предоплата,22%,27797,10510,0,0,17287,27797,10510,17287,,,,,,,,,,,,
55994998786,55994998786,Продажа физлицу,"Шкаф-зеркало Vannika Bliss 50 для ванной комнаты, дуб вотан",443.ЗШ.V.Bliss.МОД,1,1,11.04.2026,13.04.2026,25.04.2026,При получении,22%,6936,3024,0,0,3912,6936,3024,3912,,,,,,,,,,,,
55996467075,55996467075,Продажа физлицу,"Тумба напольная Vannika Bliss 80 с раковиной Como 80 для ванной комнаты, белая",225.ТН.V.Bliss.ККОМ,1,1,11.04.2026,13.04.2026,14.04.2026,Предоплата,22%,27797,12470,0,0,15327,27797,12470,15327,,,,,,,,,,,,
55996467075,55996467075,Продажа физлицу,"Шкаф для стиральной машины напольный Vannika Uni для ванной комнаты, белый",312.ШДС.V.Uni,1,1,11.04.2026,13.04.2026,14.04.2026,Предоплата,22%,20450,8387,0,0,12063,20450,8387,12063,,,,,,,,,,,,
55996467075,55996467075,Продажа физлицу,Зеркало с подсветкой универсальное Vannika Fine 80 для ванной комнаты,322.ЗРКЛ.V.Fine,1,1,11.04.2026,13.04.2026,14.04.2026,Предоплата,22%,11996,5457,0,0,6539,11996,5457,6539,,,,,,,,,,,,
55997119170,55997119170,Продажа физлицу,"Тумба напольная Vannika Bliss 80 с раковиной Como 80 для ванной комнаты, белая",225.ТН.V.Bliss.ККОМ,1,1,11.04.2026,14.04.2026,16.04.2026,Предоплата,22%,27797,10691,0,0,17106,27797,10691,17106,,,,,,,,,,,,
55997556864,55997556864,Продажа физлицу,"Тумба подвесная Vannika Glad 60 с раковиной Moduo 60 для ванной комнаты, cappuccino",519.ТП.V.Glad.КМОД,1,1,11.04.2026,13.04.2026,17.04.2026,Предоплата,22%,24403,8560,0,0,15843,24403,8560,15843,,,,,,,,,,,,
55998497217,55998497217,Продажа физлицу,"Тумба напольная без раковины Vannika Faro 60 для ванной комнаты, дуб вотан, графит софт",431.ТН.V.Faro,1,1,11.04.2026,13.04.2026,16.04.2026,Предоплата,22%,20521,9212,0,0,11309,20521,9212,11309,,,,,,,,,,,,
56001765569,56001765569,Продажа физлицу,"Тумба напольная Vannika Flavia 50 с раковиной Фостер 50 для ванной комнаты, белая",210.ТН.V.Flavia.КФОС,1,1,12.04.2026,16.04.2026,18.04.2026,Предоплата,22%,20231,9443,0,0,10788,20231,9443,10788,,,,,,,,,,,,
56004488960,56004488960,Продажа физлицу,"Тумба подвесная Vannika Glad 80 с раковиной Фест 80 для ванной комнаты, cappuccino",521.ТП.V.Glad.КФЕС,1,1,12.04.2026,14.04.2026,18.04.2026,Яндекс.Сплит (предоплата),22%,29902,11341,0,0,18561,29902,11341,18561,,,,,,,,,,,,
56008174210,56008174210,Продажа физлицу,"Тумба подвесная Vannika Mirva 70 с раковиной Фостер 70 для ванной комнаты, белая",286.ТП.V.Mirva.КФОС,1,1,12.04.2026,13.04.2026,15.04.2026,Предоплата,22%,25126,11705,0,281,13140,25126,11986,13140,,,,,,,,,,,,
56008550721,56008550721,Продажа физлицу,"Тумба напольная Vannika Canto 70 с раковиной Como 70 для ванной комнаты, дуб вотан, графит софт",459.ТН.V.Canto.ККОМ,1,1,12.04.2026,17.04.2026,18.04.2026,Предоплата,22%,30687,13249,0,0,17438,30687,13249,17438,,,,,,,,,,,,
56012059075,56012059075,Продажа физлицу,"Тумба подвесная Vannika Glad 50 с раковиной Como 50 для ванной комнаты, cappuccino",518.ТП.V.Glad.ККОМ,1,1,12.04.2026,14.04.2026,27.04.2026,При получении,22%,21135,7787,0,0,13348,21135,7787,13348,,,,,,,,,,,,
56016552192,56016552192,Продажа физлицу,"Тумба подвесная Vannika Glad 50 с раковиной Фостер 50 для ванной комнаты, cappuccino",518.ТП.V.Glad.КФОС,1,1,12.04.2026,15.04.2026,17.04.2026,Предоплата,22%,21404,7322,0,0,14082,21404,7322,14082,,,,,,,,,,,,
56017621954,56017621954,Продажа физлицу,"Шкаф-зеркало Vannika Canto 70 для ванной комнаты, дуб вотан",445.ЗШ.V.Canto.ДИВ,1,1,12.04.2026,14.04.2026,16.04.2026,Яндекс.Сплит (предоплата),22%,8751,3790,0,0,4961,8751,3790,4961,,,,,,,,,,,,
56018500675,56018500675,Продажа физлицу,"Тумба напольная Vannika Canto 60 с раковиной Фостер 60 для ванной комнаты, дуб вотан, графит софт",458.ТН.V.Canto.КФОС,1,1,12.04.2026,14.04.2026,16.04.2026,Предоплата,22%,25138,10678,0,0,14460,25138,10678,14460,,,,,,,,,,,,
56020905794,56020905794,Продажа физлицу,"Тумба подвесная Vannika Vastra 80 с раковиной Фостер 80 для ванной комнаты, дуб вотан",441.ТП.V.Vastra.КФОС,1,1,12.04.2026,13.04.2026,14.04.2026,Предоплата,22%,28046,10860,0,0,17186,28046,10860,17186,,,,,,,,,,,,
56021139008,56021139008,Продажа физлицу,"Шкаф-зеркало ""Vannika"" Canto, модульный, ЛДСП, 50 см x 72,9 см x 14,8 см",443.ЗШ.V.Canto.ДИВ,1,1,12.04.2026,13.04.2026,14.04.2026,Предоплата,22%,6936,3013,0,0,3923,6936,3013,3923,,,,,,,,,,,,
56027499585,56027499585,Продажа физлицу,"Шкаф-зеркало Vannika Bliss 50 для ванной комнаты, дуб вотан",443.ЗШ.V.Bliss.МОД,1,1,12.04.2026,14.04.2026,18.04.2026,Предоплата,22%,6936,3013,0,0,3923,6936,3013,3923,,,,,,,,,,,,
56028660419,56028660419,Продажа физлицу,"Шкаф-пенал напольно-подвесной Vannika Flavia 50 для ванной комнаты, белый",384.ШП.V.Flavia,1,1,12.04.2026,18.04.2026,19.04.2026,Предоплата,22%,22113,9007,0,0,13106,22113,9007,13106,,,,,,,,,,,,
56032156352,56032156352,Продажа физлицу,"Тумба подвесная Vannika Glad 80 с раковиной Фест 80 для ванной комнаты, cappuccino",521.ТП.V.Glad.КФЕС,1,1,13.04.2026,15.04.2026,16.04.2026,Предоплата,22%,30037,10703,0,0,19334,30037,10703,19334,,,,,,,,,,,,
56034656449,56034656449,Продажа физлицу,"Тумба напольная Vannika Canto 80 с раковиной Фостер 80 для ванной комнаты, дуб вотан, графит софт",460.ТН.V.Canto.КФОС,1,1,13.04.2026,14.04.2026,17.04.2026,Яндекс.Сплит (предоплата),22%,33582,15870,0,0,17712,33582,15870,17712,,,,,,,,,,,,
56045179011,56045179011,Продажа физлицу,"Тумба подвесная Vannika Kanna 80 с раковиной Фест 80 для ванной комнаты, дуб вотан, графит софт",453.ТП.V.Kanna.КФЕС,1,1,13.04.2026,15.04.2026,17.04.2026,Предоплата,22%,28451,11137,0,0,17314,28451,11137,17314,,,,,,,,,,,,
56053020033,56053020033,Продажа физлицу,"Тумба напольная Vannika Bliss 80 с раковиной Como 80 для ванной комнаты, белая",225.ТН.V.Bliss.ККОМ,1,1,13.04.2026,14.04.2026,15.04.2026,Предоплата,22%,31292,10977,0,0,20315,31292,10977,20315,,,,,,,,,,,,
56054305475,56054305475,Продажа физлицу,"Шкаф-зеркало с подсветкой Vannika Flavia 70 для ванной комнаты, белый",175.ЗШ.V.Flavia,1,1,13.04.2026,15.04.2026,19.04.2026,Яндекс.Сплит (предоплата),22%,12111,4724,0,0,7387,12111,4724,7387,,,,,,,,,,,,
56056585088,56056585088,Продажа физлицу,"Шкаф-пенал подвесной Vannika Vastra для ванной комнаты, дуб вотан",437.ШП.V.Vastra,1,1,13.04.2026,16.04.2026,21.04.2026,Предоплата,22%,13729,5494,0,0,8235,13729,5494,8235,,,,,,,,,,,,
56066031042,56066031042,Продажа физлицу,"Шкаф-зеркало Vannika Bliss 50 для ванной комнаты, дуб вотан",443.ЗШ.V.Bliss.МОД,1,1,14.04.2026,15.04.2026,16.04.2026,Предоплата,22%,8786,3693,0,0,5093,8786,3693,5093,,,,,,,,,,,,
56066031042,56066031042,Продажа физлицу,"Шкаф-зеркало Vannika Bliss 60 для ванной комнаты, дуб вотан",444.ЗШ.V.Bliss.МОД,1,1,14.04.2026,15.04.2026,16.04.2026,Предоплата,22%,9510,3939,0,0,5571,9510,3939,5571,,,,,,,,,,,,
56066031042,56066031042,Продажа физлицу,"Шкаф-пенал напольно/подвесной Vannika Bliss для ванной комнаты, дуб вотан, графит софт",476.ШП.V.Bliss.МОД,1,1,14.04.2026,15.04.2026,16.04.2026,Предоплата,22%,19028,8268,0,0,10760,19028,8268,10760,,,,,,,,,,,,
56067404611,56067404611,Продажа физлицу,"Тумба напольная Vannika Bliss 80 с раковиной Como 80 для ванной комнаты, белая",225.ТН.V.Bliss.ККОМ,1,1,14.04.2026,19.04.2026,23.04.2026,Предоплата,22%,31292,13399,0,0,17893,31292,13399,17893,,,,,,,,,,,,
56068432448,56068432448,Продажа физлицу,"Шкаф-зеркало ""Vannika"" Canto, модульный, ЛДСП, 50 см x 72,9 см x 14,8 см",443.ЗШ.V.Canto.ДИВ,1,1,14.04.2026,15.04.2026,16.04.2026,Предоплата,22%,8688,3515,0,235,4938,8688,3750,4938,,,,,,,,,,,,
56071262019,56071262019,Продажа физлицу,"Тумба подвесная Vannika Glad 50 с раковиной Фостер 50 для ванной комнаты, cappuccino",518.ТП.V.Glad.КФОС,1,1,14.04.2026,16.04.2026,18.04.2026,Предоплата,22%,20631,7816,0,0,12815,20631,7816,12815,,,,,,,,,,,,
56073732928,56073732928,Продажа физлицу,"Шкаф-зеркало Vannika Vastra 50 для ванной комнаты, дуб вотан",443.ЗШ.V.Vastra,1,1,14.04.2026,21.04.2026,22.04.2026,Предоплата,22%,8674,3790,0,0,4884,8674,3790,4884,,,,,,,,,,,,
56079827394,56079827394,Продажа физлицу,"Тумба подвесная Vannika Glad 60 с раковиной Como 60 для ванной комнаты, cappuccino",519.ТП.V.Glad.ККОМ,1,1,14.04.2026,15.04.2026,16.04.2026,Предоплата,22%,24086,8994,0,0,15092,24086,8994,15092,,,,,,,,,,,,
56079980992,56079980992,Продажа физлицу,"Шкаф-зеркало Vannika Kanna 70 для ванной комнаты, дуб вотан",445.ЗШ.V.Kanna.ЛАВ,1,1,14.04.2026,15.04.2026,19.04.2026,Предоплата,22%,8227,4383,0,0,3844,8227,4383,3844,,,,,,,,,,,,
56080019522,56080019522,Продажа физлицу,"Шкаф-зеркало Vannika Vastra 50 для ванной комнаты, дуб вотан",443.ЗШ.V.Vastra,1,1,14.04.2026,15.04.2026,18.04.2026,Яндекс.Сплит (предоплата),22%,8931,3403,0,0,5528,8931,3403,5528,,,,,,,,,,,,
56081172481,56081172481,Продажа бизнесу,"Шкаф-зеркало Vannika Vastra 50 для ванной комнаты, дуб вотан",443.ЗШ.V.Vastra,1,1,14.04.2026,16.04.2026,17.04.2026,Оплата по расчётному счёту,22%,8931,0,0,0,8931,8931,0,8931,,"ООО ""МАРКЕТ.ТРЕЙД""",9705171890,770401001,"121099, г Москва, Новинский б-р, д 8",УПД 1,16.04.2026,202604160001,,,,
56088282561,56088282561,Продажа физлицу,"Шкаф-зеркало ""Vannika"" Canto, модульный, ЛДСП, 50 см x 72,9 см x 14,8 см",443.ЗШ.V.Canto.ДИВ,1,1,14.04.2026,16.04.2026,21.04.2026,Предоплата,22%,6640,3006,0,0,3634,6640,3006,3634,,,,,,,,,,,,
56088431809,56088431809,Продажа физлицу,"Тумба напольная Vannika Bliss 80 с раковиной Como 80 для ванной комнаты, белая",225.ТН.V.Bliss.ККОМ,1,1,14.04.2026,16.04.2026,19.04.2026,Предоплата,22%,26752,10376,0,80,16296,26752,10456,16296,,,,,,,,,,,,
56091868866,56091868866,Продажа физлицу,"Шкаф-зеркало с подсветкой Vannika Mirva 60 для ванной комнаты, белый",278.ЗШ.V.Mirva,1,1,14.04.2026,16.04.2026,17.04.2026,Предоплата,22%,10576,4825,0,0,5751,10576,4825,5751,,,,,,,,,,,,
56094426369,56094426369,Продажа физлицу,"Шкаф-зеркало с подсветкой Vannika Flavia 60 для ванной комнаты, белый",174.ЗШ.V.Flavia,1,1,15.04.2026,16.04.2026,26.04.2026,Предоплата,22%,10668,5270,0,0,5398,10668,5270,5398,,,,,,,,,,,,
56100670080,56100670080,Продажа физлицу,"Шкаф-пенал подвесной Vannika Vastra для ванной комнаты, дуб вотан",437.ШП.V.Vastra,1,1,15.04.2026,21.04.2026,22.04.2026,Предоплата,22%,13729,6535,0,0,7194,13729,6535,7194,,,,,,,,,,,,
56105663296,56105663296,Продажа физлицу,"Шкаф-пенал напольно/подвесной Vannika Bliss для ванной комнаты, дуб вотан, графит софт",476.ШП.V.Bliss.МОД,1,1,15.04.2026,16.04.2026,23.04.2026,Предоплата,22%,19252,8070,0,0,11182,19252,8070,11182,,,,,,,,,,,,
56106594560,56106594560,Продажа физлицу,"Тумба напольная Vannika Canto 70 с раковиной Фостер 70 для ванной комнаты, дуб вотан, графит софт",459.ТН.V.Canto.КФОС,1,1,15.04.2026,16.04.2026,19.04.2026,Яндекс.Сплит (предоплата),22%,30065,13760,0,0,16305,30065,13760,16305,,,,,,,,,,,,
56107998273,56107998273,Продажа физлицу,"Шкаф-зеркало Vannika Kanna 70 для ванной комнаты, дуб вотан",445.ЗШ.V.Kanna.ЛАВ,1,1,15.04.2026,16.04.2026,26.04.2026,Предоплата,22%,8260,3399,0,3,4858,8260,3402,4858,,,,,,,,,,,,
56109967616,56109967616,Продажа физлицу,"Шкаф-зеркало Vannika Kanna 70 для ванной комнаты, дуб вотан",445.ЗШ.V.Kanna.ЛАВ,1,1,15.04.2026,16.04.2026,19.04.2026,При получении,22%,8226,4110,0,0,4116,8226,4110,4116,,,,,,,,,,,,
56110724097,56110724097,Продажа физлицу,"Тумба подвесная Vannika Vastra 90 с раковиной Квадро 90 для ванной комнаты,дуб вотан",469.ТП.V.Vastra.ККВА,1,1,15.04.2026,16.04.2026,17.04.2026,Предоплата,22%,30412,14319,0,0,16093,30412,14319,16093,,,,,,,,,,,,
56110891778,56110891778,Продажа физлицу,"Тумба подвесная Vannika Glad 80 с раковиной Фест 80 для ванной комнаты, cappuccino",521.ТП.V.Glad.КФЕС,1,1,15.04.2026,16.04.2026,18.04.2026,Предоплата,22%,30037,14021,0,0,16016,30037,14021,16016,,,,,,,,,,,,
56111790337,56111790337,Продажа физлицу,"Шкаф-зеркало Vannika Kanna 50 для ванной комнаты, дуб вотан",443.ЗШ.V.Kanna.ЛАВ,1,1,15.04.2026,21.04.2026,25.04.2026,Предоплата,22%,6733,3092,0,0,3641,6733,3092,3641,,,,,,,,,,,,
56111974275,56111974275,Продажа физлицу,"Тумба подвесная Vannika Glad 80 с раковиной Como 80 для ванной комнаты, cappuccino",521.ТП.V.Glad.ККОМ,1,1,15.04.2026,16.04.2026,20.04.2026,Предоплата,22%,30153,13550,0,0,16603,30153,13550,16603,,,,,,,,,,,,
56112061762,56112061762,Продажа физлицу,"Тумба напольная Vannika Bliss 80 с раковиной Como 80 для ванной комнаты, белая",225.ТН.V.Bliss.ККОМ,1,1,15.04.2026,16.04.2026,18.04.2026,Предоплата,22%,26759,12920,0,0,13839,26759,12920,13839,,,,,,,,,,,,
56113005056,56113005056,Продажа физлицу,"Шкаф-зеркало Vannika Bliss 50 для ванной комнаты, дуб вотан",443.ЗШ.V.Bliss.МОД,1,1,15.04.2026,21.04.2026,25.04.2026,Предоплата,22%,6686,3536,0,0,3150,6686,3536,3150,,,,,,,,,,,,
56114218434,56114218434,Продажа физлицу,"Тумба подвесная Vannika Kanna 60 с раковиной Фест 60 для ванной комнаты, дуб вотан, графит софт",451.ТП.V.Kanna.КФЕС,1,1,15.04.2026,16.04.2026,20.04.2026,Предоплата,22%,20255,9749,0,0,10506,20255,9749,10506,,,,,,,,,,,,
56117369666,56117369666,Продажа физлицу,"Тумба подвесная Vannika Kanna 60 с раковиной Фест 60 для ванной комнаты, дуб вотан, графит софт",451.ТП.V.Kanna.КФЕС,1,1,15.04.2026,16.04.2026,19.04.2026,Предоплата,22%,20172,9708,0,0,10464,20172,9708,10464,,,,,,,,,,,,
56118933312,56118933312,Продажа физлицу,"Шкаф-зеркало ""Vannika"" Canto, модульный, ЛДСП, 50 см x 72,9 см x 14,8 см",443.ЗШ.V.Canto.ДИВ,1,1,15.04.2026,16.04.2026,25.04.2026,Яндекс.Сплит (предоплата),22%,6614,3510,0,0,3104,6614,3510,3104,,,,,,,,,,,,
56119376064,56119376064,Продажа физлицу,"Тумба подвесная Vannika Glad 60 с раковиной Como 60 для ванной комнаты, cappuccino",519.ТП.V.Glad.ККОМ,1,1,15.04.2026,16.04.2026,18.04.2026,Предоплата,22%,24196,11417,0,0,12779,24196,11417,12779,,,,,,,,,,,,
56120018624,56120018624,Продажа физлицу,"Шкаф-зеркало Vannika Canto 60 для ванной комнаты, дуб вотан, шкаф витрина",444.ЗШ.V.Canto.ДИВ,1,1,15.04.2026,16.04.2026,22.04.2026,Предоплата,22%,7067,3210,0,0,3857,7067,3210,3857,,,,,,,,,,,,
56120630592,56120630592,Продажа физлицу,"Шкаф-зеркало ""Vannika"" Canto, модульный, ЛДСП, 50 см x 72,9 см x 14,8 см",443.ЗШ.V.Canto.ДИВ,1,1,15.04.2026,16.04.2026,24.04.2026,При получении,22%,6613,3662,0,0,2951,6613,3662,2951,,,,,,,,,,,,
56123061186,56123061186,Продажа физлицу,"Шкаф-пенал напольно-подвесной Vannika Flavia 50 для ванной комнаты, белый",384.ШП.V.Flavia,1,1,15.04.2026,20.04.2026,24.04.2026,Предоплата,22%,22216,9297,0,0,12919,22216,9297,12919,,,,,,,,,,,,
56123093184,56123093184,Продажа физлицу,"Тумба подвесная Vannika Vastra 80 с раковиной Фостер 80 для ванной комнаты, дуб вотан",441.ТП.V.Vastra.КФОС,1,1,15.04.2026,17.04.2026,19.04.2026,Предоплата,22%,34471,15697,0,0,18774,34471,15697,18774,,,,,,,,,,,,
56123489665,56123489665,Продажа физлицу,"Тумба подвесная Vannika Rinni 50 с раковиной Como 50 для ванной комнаты, дуб вотан",432.ТП.V.Rinni.ВККОМ,1,1,15.04.2026,17.04.2026,19.04.2026,Предоплата,22%,20902,8429,0,0,12473,20902,8429,12473,,,,,,,,,,,,
56125249856,56125249856,Продажа физлицу,"Тумба подвесная Vannika Glad 60 с раковиной Moduo 60 для ванной комнаты, cappuccino",519.ТП.V.Glad.КМОД,2,2,15.04.2026,17.04.2026,18.04.2026,Яндекс.Сплит (предоплата),22%,24403,9466,0,0,14937,48806,18932,29874,,,,,,,,,,,,
56126028417,56126028417,Продажа физлицу,"Тумба напольная Vannika Bliss 80 с раковиной Como 80 для ванной комнаты, белая",225.ТН.V.Bliss.ККОМ,1,1,15.04.2026,19.04.2026,20.04.2026,Яндекс.Сплит (предоплата),22%,26769,13828,0,0,12941,26769,13828,12941,,,,,,,,,,,,
56128266434,56128266434,Продажа физлицу,"Шкаф-пенал подвесной Vannika Glad для ванной комнаты, cappuccino",523.ШП.V.Glad.Р,1,1,15.04.2026,17.04.2026,19.04.2026,Предоплата,22%,21981,8506,0,218,13257,21981,8724,13257,,,,,,,,,,,,
56128266434,56128266434,Продажа физлицу,"Тумба подвесная Vannika Glad 100 с раковиной Фостер 100 для ванной комнаты, cappuccino",522.ТП.V.Glad.КФОС,1,1,15.04.2026,17.04.2026,19.04.2026,Предоплата,22%,36113,15646,0,332,20135,36113,15978,20135,,,,,,,,,,,,
56130313280,56130313280,Продажа физлицу,"Шкаф-зеркало Vannika Kanna, ЛДСП, распашные двери, 60x72,9 см, дуб вотан",444.ЗШ.V.Kanna.ЛАВ,1,1,15.04.2026,17.04.2026,20.04.2026,Предоплата,22%,7184,3555,0,0,3629,7184,3555,3629,,,,,,,,,,,,
56139932162,56139932162,Продажа физлицу,"Тумба напольная без раковины Vannika Bava 60 для ванной комнаты, белая",366.ТН.V.Bava,1,1,16.04.2026,18.04.2026,20.04.2026,Яндекс.Сплит (предоплата),22%,19832,7899,0,0,11933,19832,7899,11933,,,,,,,,,,,,
56142142850,56142142850,Продажа физлицу,"Шкаф-зеркало Vannika Canto 60 для ванной комнаты, дуб вотан, шкаф витрина",444.ЗШ.V.Canto.ДИВ,1,1,16.04.2026,17.04.2026,23.04.2026,Яндекс.Сплит (предоплата),22%,7067,2996,0,0,4071,7067,2996,4071,,,,,,,,,,,,
56142294336,56142294336,Продажа физлицу,"Тумба напольная Vannika Flavia 80 с раковиной Фест 80 для ванной комнаты, белая",170.ТН.V.Flavia.КФЕС,1,1,16.04.2026,18.04.2026,21.04.2026,Предоплата,22%,41474,17997,0,0,23477,41474,17997,23477,,,,,,,,,,,,
56142556546,56142556546,Продажа физлицу,"Тумба напольная Vannika Bliss 80 с раковиной Como 80 для ванной комнаты, белая",225.ТН.V.Bliss.ККОМ,1,1,16.04.2026,17.04.2026,20.04.2026,Предоплата,22%,26769,12813,0,0,13956,26769,12813,13956,,,,,,,,,,,,
56148591874,56148591874,Продажа физлицу,"Шкаф-пенал напольно/подвесной Vannika Bliss для ванной комнаты, дуб вотан, графит софт",476.ШП.V.Bliss.МОД,1,1,16.04.2026,17.04.2026,18.04.2026,Предоплата,22%,19335,8267,0,0,11068,19335,8267,11068,,,,,,,,,,,,
56154218945,56154218945,Продажа физлицу,"Тумба подвесная без раковины Vannika Glad 80 для ванной комнаты, cappuccino",521.ТП.V.Glad,1,1,16.04.2026,17.04.2026,24.04.2026,Предоплата,22%,19381,8425,0,0,10956,19381,8425,10956,,,,,,,,,,,,
56159980610,56159980610,Продажа физлицу,"Шкаф-зеркало Vannika Bliss 50 для ванной комнаты, дуб вотан",443.ЗШ.V.Bliss.МОД,1,1,16.04.2026,18.04.2026,22.04.2026,Предоплата,22%,6713,2988,0,0,3725,6713,2988,3725,,,,,,,,,,,,
56163817987,56163817987,Продажа физлицу,"Тумба напольная Vannika Bliss 80 с раковиной Como 80 для ванной комнаты, белая",225.ТН.V.Bliss.ККОМ,1,1,17.04.2026,18.04.2026,21.04.2026,Предоплата,22%,26759,11995,0,199,14565,26759,12194,14565,,,,,,,,,,,,
56170657859,56170657859,Продажа физлицу,"Тумба напольная Vannika Bliss 80 с раковиной Como 80 для ванной комнаты, белая",225.ТН.V.Bliss.ККОМ,1,1,17.04.2026,21.04.2026,23.04.2026,Предоплата,22%,26756,11076,0,300,15380,26756,11376,15380,,,,,,,,,,,,
56171366914,56171366914,Продажа физлицу,"Тумба подвесная Vannika Glad 50 с раковиной Фостер 50 для ванной комнаты, cappuccino",518.ТП.V.Glad.КФОС,1,1,17.04.2026,20.04.2026,21.04.2026,Предоплата,22%,21309,8757,0,0,12552,21309,8757,12552,,,,,,,,,,,,
56172160131,56172160131,Продажа физлицу,"Шкаф-зеркало универсальное Vannika Uni 80 для ванной комнаты, белый",150.ЗШ.V.Uni,1,1,17.04.2026,18.04.2026,24.04.2026,Предоплата,22%,12585,5986,0,0,6599,12585,5986,6599,,,,,,,,,,,,
56174995968,56174995968,Продажа физлицу,"Тумба подвесная Vannika Kanna 60 с раковиной Фест 60 для ванной комнаты, дуб вотан, графит софт",451.ТП.V.Kanna.КФЕС,1,1,17.04.2026,18.04.2026,20.04.2026,Предоплата,22%,20172,8696,0,0,11476,20172,8696,11476,,,,,,,,,,,,
56176567105,56176567105,Продажа физлицу,"Тумба напольная без раковины Vannika Bliss 60 для ванной комнаты, белая, дуб вотан",484.ТН.V.Bliss.Р,1,1,17.04.2026,18.04.2026,20.04.2026,Яндекс.Сплит (предоплата),22%,13300,5781,0,0,7519,13300,5781,7519,,,,,,,,,,,,
56176802371,56176802371,Продажа физлицу,"Тумба подвесная Vannika Vastra 60 с раковиной Фостер 60 для ванной комнаты, дуб вотан",439.ТП.V.Vastra.КФОС,1,1,17.04.2026,18.04.2026,20.04.2026,Предоплата,22%,20418,9506,0,0,10912,20418,9506,10912,,,,,,,,,,,,
56177943361,56177943361,Продажа физлицу,"Шкаф-зеркало Vannika Vastra 80 для ванной комнаты, дуб вотан",446.ЗШ.V.Vastra,1,1,17.04.2026,20.04.2026,21.04.2026,Предоплата,22%,9120,3901,0,0,5219,9120,3901,5219,,,,,,,,,,,,
56178513408,56178513408,Продажа физлицу,"Шкаф-пенал напольно-подвесной Vannika Flavia 50 для ванной комнаты, белый",384.ШП.V.Flavia,1,1,17.04.2026,19.04.2026,22.04.2026,Предоплата,22%,22119,8615,0,0,13504,22119,8615,13504,,,,,,,,,,,,
56179889858,56179889858,Продажа физлицу,"Тумба напольная Vannika Flavia 50 с раковиной Moduo 50 для ванной комнаты, белая",210.ТН.V.Flavia.КМОД,1,1,17.04.2026,18.04.2026,19.04.2026,Предоплата,22%,20432,9321,0,0,11111,20432,9321,11111,,,,,,,,,,,,
56182293121,56182293121,Продажа физлицу,"Тумба подвесная без раковины Vannika Glad 60 для ванной комнаты, cappuccino",519.ТП.V.Glad,1,1,17.04.2026,22.04.2026,25.04.2026,Предоплата,22%,16907,7538,0,2,9367,16907,7540,9367,,,,,,,,,,,,
56182293121,56182293121,Продажа физлицу,"Шкаф-пенал подвесной Vannika Glad для ванной комнаты, cappuccino",523.ШП.V.Glad.Р,1,1,17.04.2026,22.04.2026,25.04.2026,Предоплата,22%,22084,8299,0,4,13781,22084,8303,13781,,,,,,,,,,,,
56184957570,56184957570,Продажа физлицу,"Шкаф-зеркало Vannika Vastra 80 для ванной комнаты, дуб вотан",446.ЗШ.V.Vastra,1,1,17.04.2026,18.04.2026,22.04.2026,Предоплата,22%,9120,4394,0,0,4726,9120,4394,4726,,,,,,,,,,,,
56186074243,56186074243,Продажа физлицу,"Шкаф-пенал напольно-подвесной Vannika Flavia 50 для ванной комнаты, белый",384.ШП.V.Flavia,1,1,17.04.2026,20.04.2026,22.04.2026,Предоплата,22%,22216,8263,0,0,13953,22216,8263,13953,,,,,,,,,,,,
56188871232,56188871232,Продажа физлицу,"Шкаф-зеркало с подсветкой Vannika Mirva 60 для ванной комнаты, белый",278.ЗШ.V.Mirva,1,1,17.04.2026,19.04.2026,25.04.2026,Предоплата,22%,10535,5267,0,0,5268,10535,5267,5268,,,,,,,,,,,,
56189084482,56189084482,Продажа физлицу,"Шкаф-зеркало Vannika Kanna 70 для ванной комнаты, дуб вотан",445.ЗШ.V.Kanna.ЛАВ,1,1,17.04.2026,19.04.2026,21.04.2026,Яндекс.Сплит (предоплата),22%,8228,4378,0,319,3531,8228,4697,3531,,,,,,,,,,,,
56191863361,56191863361,Продажа физлицу,"Тумба подвесная Vannika Flavia 50 с раковиной Moduo 50 для ванной комнаты, белая",209.ТП.V.Flavia.КМОД,1,1,17.04.2026,19.04.2026,21.04.2026,Предоплата,22%,19414,8342,0,300,10772,19414,8642,10772,,,,,,,,,,,,
56192020033,56192020033,Продажа физлицу,"Тумба напольная Vannika Bliss 80 с раковиной Como 80 для ванной комнаты, белая",225.ТН.V.Bliss.ККОМ,1,1,18.04.2026,20.04.2026,21.04.2026,Яндекс.Сплит (предоплата),22%,26764,12088,0,200,14476,26764,12288,14476,,,,,,,,,,,,
56192099264,56192099264,Продажа физлицу,"Тумба подвесная Vannika Flavia 50 с раковиной Moduo 50 для ванной комнаты, белая",209.ТП.V.Flavia.КМОД,1,1,18.04.2026,19.04.2026,20.04.2026,Яндекс.Сплит (предоплата),22%,19494,8651,0,0,10843,19494,8651,10843,,,,,,,,,,,,
56192546304,56192546304,Продажа физлицу,"Тумба подвесная Vannika Kanna 60 с раковиной Фест 60 для ванной комнаты, дуб вотан, графит софт",451.ТП.V.Kanna.КФЕС,1,1,18.04.2026,19.04.2026,21.04.2026,Предоплата,22%,20174,9891,0,0,10283,20174,9891,10283,,,,,,,,,,,,
56195063425,56195063425,Продажа физлицу,"Тумба подвесная Vannika Kanna 80 с раковиной Фест 80 для ванной комнаты, дуб вотан, графит софт",453.ТП.V.Kanna.КФЕС,1,1,18.04.2026,19.04.2026,22.04.2026,Предоплата,22%,28335,12190,0,0,16145,28335,12190,16145,,,,,,,,,,,,
56196147778,56196147778,Продажа физлицу,"Тумба подвесная без раковины Vannika Glad 70 для ванной комнаты, cappuccino",520.ТП.V.Glad,1,1,18.04.2026,19.04.2026,25.04.2026,Предоплата,22%,17808,7746,0,0,10062,17808,7746,10062,,,,,,,,,,,,
56202072769,56202072769,Продажа физлицу,"Тумба напольная без раковины Vannika Faro 60 для ванной комнаты, дуб вотан, графит софт",431.ТН.V.Faro,1,1,18.04.2026,19.04.2026,21.04.2026,Предоплата,22%,20443,9592,0,300,10551,20443,9892,10551,,,,,,,,,,,,
56202191297,56202191297,Продажа физлицу,"Тумба подвесная Vannika Rinni 50 с раковиной Фостер 50 для ванной комнаты, дуб вотан",432.ТП.V.Rinni.ВКФОС,1,1,18.04.2026,19.04.2026,23.04.2026,Предоплата,22%,22456,8987,0,0,13469,22456,8987,13469,,,,,,,,,,,,
56202682115,56202682115,Продажа физлицу,"Шкаф-пенал напольно-подвесной Vannika Flavia 50 для ванной комнаты, белый",384.ШП.V.Flavia,1,1,18.04.2026,19.04.2026,23.04.2026,Яндекс.Сплит (предоплата),22%,22216,8502,0,0,13714,22216,8502,13714,,,,,,,,,,,,
56203163840,56203163840,Продажа физлицу,"Тумба подвесная Vannika Glad 60 с раковиной Como 60 для ванной комнаты, cappuccino",519.ТП.V.Glad.ККОМ,1,1,18.04.2026,19.04.2026,25.04.2026,Предоплата,22%,24196,10285,0,0,13911,24196,10285,13911,,,,,,,,,,,,
56212000832,56212000832,Продажа физлицу,"Тумба напольная Vannika Bliss 80 с раковиной Como 80 для ванной комнаты, белая",225.ТН.V.Bliss.ККОМ,1,1,18.04.2026,20.04.2026,22.04.2026,Предоплата,22%,26870,12035,0,0,14835,26870,12035,14835,,,,,,,,,,,,
56214195712,56214195712,Продажа физлицу,"Шкаф-зеркало Vannika Bliss 50 для ванной комнаты, дуб вотан",443.ЗШ.V.Bliss.МОД,1,1,18.04.2026,19.04.2026,23.04.2026,Предоплата,22%,6688,3206,0,0,3482,6688,3206,3482,,,,,,,,,,,,
56215653506,56215653506,Продажа физлицу,"Шкаф-зеркало Vannika Kanna 80 для ванной комнаты, дуб вотан",446.ЗШ.V.Kanna.ЛАВ,1,1,18.04.2026,19.04.2026,22.04.2026,Предоплата,22%,9120,4244,0,0,4876,9120,4244,4876,,,,,,,,,,,,
56216427841,56216427841,Продажа физлицу,"Шкаф-зеркало Vannika Kanna 70 для ванной комнаты, дуб вотан",445.ЗШ.V.Kanna.ЛАВ,1,1,18.04.2026,20.04.2026,24.04.2026,При получении,22%,8229,3968,0,0,4261,8229,3968,4261,,,,,,,,,,,,
56217795203,56217795203,Продажа физлицу,"Шкаф-зеркало ""Vannika"" Canto, модульный, ЛДСП, 50 см x 72,9 см x 14,8 см",443.ЗШ.V.Canto.ДИВ,1,1,18.04.2026,20.04.2026,23.04.2026,Яндекс.Сплит (предоплата),22%,6615,3305,0,0,3310,6615,3305,3310,,,,,,,,,,,,
56223436290,56223436290,Продажа физлицу,"Шкаф-пенал напольно/подвесной Vannika Flavia 60 для ванной комнаты, белый",468.ШП.V.Flavia,1,1,19.04.2026,25.04.2026,26.04.2026,Предоплата,22%,27866,10449,0,0,17417,27866,10449,17417,,,,,,,,,,,,
56224312834,56224312834,Продажа физлицу,"Шкаф-зеркало ""Vannika"" Canto, модульный, ЛДСП, 50 см x 72,9 см x 14,8 см",443.ЗШ.V.Canto.ДИВ,1,1,19.04.2026,20.04.2026,23.04.2026,Предоплата,22%,6640,3344,0,0,3296,6640,3344,3296,,,,,,,,,,,,
56225035649,56225035649,Продажа физлицу,"Тумба напольная Vannika Bliss 80 с раковиной Como 80 для ванной комнаты, белая",225.ТН.V.Bliss.ККОМ,1,1,19.04.2026,22.04.2026,25.04.2026,Предоплата,22%,26760,11493,0,14000,1267,26760,25493,1267,,,,,,,,,,,,
56225080641,56225080641,Продажа физлицу,"Шкаф-зеркало Vannika Vastra 60 для ванной комнаты, дуб вотан",444.ЗШ.V.Vastra,1,1,19.04.2026,20.04.2026,29.04.2026,Яндекс.Сплит (предоплата),22%,7823,3446,0,0,4377,7823,3446,4377,,,,,,,,,,,,
56226735107,56226735107,Продажа физлицу,"Шкаф-пенал напольно/подвесной Vannika Mirva для ванной комнаты, белый",281.ШП.V.Mirva,1,1,19.04.2026,20.04.2026,23.04.2026,Предоплата,22%,14720,6060,0,0,8660,14720,6060,8660,,,,,,,,,,,,
56227012674,56227012674,Продажа физлицу,"Тумба подвесная Vannika Canto 80 с раковиной Фостер 80 для ванной комнаты, дуб вотан, графит софт",474.ТП.V.Canto.КФОС,1,1,19.04.2026,21.04.2026,25.04.2026,Яндекс.Сплит (предоплата),22%,30282,14329,0,0,15953,30282,14329,15953,,,,,,,,,,,,
56227603137,56227603137,Продажа физлицу,"Шкаф для стиральной машины напольный Vannika Vastra для ванной комнаты, дуб вотан",448.ШДС.V.Vastra,1,1,19.04.2026,20.04.2026,24.04.2026,Предоплата,22%,21433,9386,0,499,11548,21433,9885,11548,,,,,,,,,,,,
56229137857,56229137857,Продажа физлицу,"Тумба напольная Vannika Bliss 80 с раковиной Фостер 80 для ванной комнаты, графит софт",481.ТН.V.Bliss.РКФОС,1,1,19.04.2026,22.04.2026,25.04.2026,Предоплата,22%,30554,13479,0,0,17075,30554,13479,17075,,,,,,,,,,,,
56235691264,56235691264,Продажа физлицу,"Тумба напольная без раковины Vannika Bliss 60 для ванной комнаты, белая",223.ТН.V.Bliss,1,1,19.04.2026,20.04.2026,24.04.2026,Яндекс.Сплит (предоплата),22%,11819,1506,0,0,10313,11819,1506,10313,,,,,,,,,,,,
56237540289,56237540289,Продажа физлицу,"Тумба подвесная Vannika Canto 50 с раковиной Como 50 (комплект) для ванной комнаты, Gold Craft",533.ТП.V.Canto.ККОМ,1,1,19.04.2026,20.04.2026,21.04.2026,Яндекс.Сплит (предоплата),22%,19811,2478,0,0,17333,19811,2478,17333,,,,,,,,,,,,
56239682241,56239682241,Продажа физлицу,"Шкаф-пенал подвесной Vannika Glad для ванной комнаты, cappuccino",523.ШП.V.Glad.Р,1,1,19.04.2026,20.04.2026,23.04.2026,Предоплата,22%,21984,8159,0,0,13825,21984,8159,13825,,,,,,,,,,,,
56241096512,56241096512,Продажа физлицу,"Тумба напольная Vannika Bliss 60 с раковиной Фест 60 для ванной комнаты, белая, дуб вотан",484.ТН.V.Bliss.РКФЕС,1,1,19.04.2026,23.04.2026,25.04.2026,Предоплата,22%,20658,9235,0,0,11423,20658,9235,11423,,,,,,,,,,,,
56242294851,56242294851,Продажа физлицу,"Шкаф-зеркало ""Vannika"" Canto, модульный, ЛДСП, 50 см x 72,9 см x 14,8 см",443.ЗШ.V.Canto.ДИВ,1,1,19.04.2026,20.04.2026,21.04.2026,Яндекс.Сплит (предоплата),22%,6640,3046,0,0,3594,6640,3046,3594,,,,,,,,,,,,
56243667394,56243667394,Продажа физлицу,"Шкаф-пенал напольно-подвесной Vannika Flavia 50 для ванной комнаты, белый",384.ШП.V.Flavia,1,1,19.04.2026,20.04.2026,21.04.2026,Предоплата,22%,22122,9109,0,0,13013,22122,9109,13013,,,,,,,,,,,,
56245061953,56245061953,Продажа физлицу,"Шкаф-пенал напольно-подвесной Vannika Flavia 50 для ванной комнаты, белый",384.ШП.V.Flavia,1,1,19.04.2026,20.04.2026,23.04.2026,Предоплата,22%,22216,8496,0,0,13720,22216,8496,13720,,,,,,,,,,,,
56245681217,56245681217,Продажа физлицу,"Тумба напольная Vannika Bliss 50 с раковиной Moduo 50 для ванной комнаты, белая",222.ТН.V.Bliss.КМОД,1,1,19.04.2026,20.04.2026,21.04.2026,Яндекс.Сплит (предоплата),22%,18050,2974,0,0,15076,18050,2974,15076,,,,,,,,,,,,
56248016000,56248016000,Продажа физлицу,"Тумба подвесная Vannika Glad 60 с раковиной Como 60 для ванной комнаты, cappuccino",519.ТП.V.Glad.ККОМ,1,1,19.04.2026,20.04.2026,22.04.2026,Предоплата,22%,24095,10291,0,116,13688,24095,10407,13688,,,,,,,,,,,,
56248646208,56248646208,Продажа физлицу,"Тумба напольная Vannika Bliss 80 с раковиной Миранда 80 для ванной комнаты, белая, дуб вотан",486.ТН.V.Bliss.РКМИР,1,1,19.04.2026,21.04.2026,25.04.2026,Предоплата,22%,31397,13878,0,0,17519,31397,13878,17519,,,,,,,,,,,,
56249434049,56249434049,Продажа физлицу,"Шкаф для стиральной машины напольный Vannika Kanna для ванной комнаты, дуб вотан, графит софт",455.ШДС.V.Kanna,1,1,19.04.2026,21.04.2026,25.04.2026,Предоплата,22%,23038,9465,0,0,13573,23038,9465,13573,,,,,,,,,,,,
56251975362,56251975362,Продажа физлицу,"Тумба напольная без раковины Vannika Faro 60 для ванной комнаты, дуб вотан, графит софт",431.ТН.V.Faro,1,1,19.04.2026,21.04.2026,23.04.2026,Предоплата,22%,20440,9301,0,0,11139,20440,9301,11139,,,,,,,,,,,,
56252578497,56252578497,Продажа физлицу,"Шкаф-зеркало Vannika Canto 60 для ванной комнаты, дуб вотан, шкаф витрина",444.ЗШ.V.Canto.ДИВ,1,1,19.04.2026,21.04.2026,27.04.2026,Предоплата,22%,7039,3197,0,0,3842,7039,3197,3842,,,,,,,,,,,,
56253739264,56253739264,Продажа физлицу,"Шкаф для стиральной машины напольный Vannika Vastra для ванной комнаты, дуб вотан",448.ШДС.V.Vastra,1,1,19.04.2026,21.04.2026,24.04.2026,Предоплата,22%,21436,8442,0,0,12994,21436,8442,12994,,,,,,,,,,,,
56253854400,56253854400,Продажа физлицу,"Тумба напольная Vannika Bliss 80 с раковиной Como 80 для ванной комнаты, белая",225.ТН.V.Bliss.ККОМ,1,1,19.04.2026,23.04.2026,25.04.2026,Яндекс.Сплит (предоплата),22%,26483,12344,0,0,14139,26483,12344,14139,,,,,,,,,,,,
56253854400,56253854400,Продажа физлицу,"Шкаф-пенал напольно/подвесной Vannika Mirva для ванной комнаты, белый",281.ШП.V.Mirva,1,1,19.04.2026,23.04.2026,25.04.2026,Яндекс.Сплит (предоплата),22%,14576,7028,0,0,7548,14576,7028,7548,,,,,,,,,,,,
56253854400,56253854400,Продажа физлицу,"Шкаф для стиральной машины напольный Vannika Uni для ванной комнаты, белый",312.ШДС.V.Uni,1,1,19.04.2026,23.04.2026,25.04.2026,Яндекс.Сплит (предоплата),22%,24506,9606,0,0,14900,24506,9606,14900,,,,,,,,,,,,
56264257410,56264257410,Продажа физлицу,"Шкаф-зеркало Vannika Bliss 50 для ванной комнаты, дуб вотан",443.ЗШ.V.Bliss.МОД,1,1,20.04.2026,21.04.2026,23.04.2026,Предоплата,22%,6689,3429,0,0,3260,6689,3429,3260,,,,,,,,,,,,
56268191938,56268191938,Продажа физлицу,"Тумба напольная Vannika Bliss 80 с раковиной Como 80 для ванной комнаты, белая",225.ТН.V.Bliss.ККОМ,1,1,20.04.2026,24.04.2026,25.04.2026,Яндекс.Сплит (предоплата),22%,26870,11133,0,0,15737,26870,11133,15737,,,,,,,,,,,,
56269864576,56269864576,Продажа физлицу,"Шкаф-пенал подвесной Vannika Vastra для ванной комнаты, дуб вотан",437.ШП.V.Vastra,1,1,20.04.2026,23.04.2026,25.04.2026,Предоплата,22%,13674,6563,0,0,7111,13674,6563,7111,,,,,,,,,,,,
56270326019,56270326019,Продажа физлицу,"Тумба напольная Vannika Bliss 80 с раковиной Como 80 для ванной комнаты, белая",225.ТН.V.Bliss.ККОМ,1,1,20.04.2026,24.04.2026,26.04.2026,Предоплата,22%,26761,12613,0,300,13848,26761,12913,13848,,,,,,,,,,,,
56271576833,56271576833,Продажа физлицу,"Шкаф-пенал напольно/подвесной Vannika Bliss для ванной комнаты, дуб вотан, графит софт",476.ШП.V.Bliss.МОД,1,1,20.04.2026,23.04.2026,25.04.2026,Предоплата,22%,19335,9063,0,0,10272,19335,9063,10272,,,,,,,,,,,,
56274609602,56274609602,Продажа физлицу,"Шкаф-зеркало Vannika Kanna 70 для ванной комнаты, дуб вотан",445.ЗШ.V.Kanna.ЛАВ,1,1,20.04.2026,21.04.2026,24.04.2026,Яндекс.Сплит (предоплата),22%,8228,3877,0,0,4351,8228,3877,4351,,,,,,,,,,,,
56278507266,56278507266,Продажа физлицу,"Тумба подвесная Vannika Vastra 80 с раковиной Фест 80 для ванной комнаты, дуб вотан",441.ТП.V.Vastra.КФЕС,1,1,20.04.2026,23.04.2026,25.04.2026,Предоплата,22%,27707,12332,0,5770,9605,27707,18102,9605,,,,,,,,,,,,
56279568064,56279568064,Продажа физлицу,"Тумба напольная Vannika Bliss 80 с раковиной Como 80 для ванной комнаты, белая",225.ТН.V.Bliss.ККОМ,1,1,20.04.2026,22.04.2026,24.04.2026,Предоплата,22%,26015,11815,0,0,14200,26015,11815,14200,,,,,,,,,,,,
56282344320,56282344320,Продажа физлицу,"Шкаф-зеркало Vannika Bliss 50 для ванной комнаты, дуб вотан",443.ЗШ.V.Bliss.МОД,1,1,20.04.2026,22.04.2026,25.04.2026,Предоплата,22%,6687,3132,0,0,3555,6687,3132,3555,,,,,,,,,,,,
56283480386,56283480386,Продажа физлицу,"Шкаф-пенал напольно/подвесной Vannika Mirva для ванной комнаты, белый",281.ШП.V.Mirva,1,1,20.04.2026,22.04.2026,23.04.2026,Предоплата,22%,14722,6877,0,0,7845,14722,6877,7845,,,,,,,,,,,,
56284819329,56284819329,Продажа физлицу,"Шкаф-зеркало Vannika Canto 60 для ванной комнаты, дуб вотан, шкаф витрина",444.ЗШ.V.Canto.ДИВ,1,1,20.04.2026,22.04.2026,24.04.2026,Яндекс.Сплит (предоплата),22%,7067,3304,0,25,3738,7067,3329,3738,,,,,,,,,,,,
56284819329,56284819329,Продажа физлицу,"Тумба напольная Vannika Bliss 60 с раковиной Фест 60 для ванной комнаты, белая, дуб вотан",484.ТН.V.Bliss.РКФЕС,1,1,20.04.2026,22.04.2026,24.04.2026,Яндекс.Сплит (предоплата),22%,20658,9237,0,75,11346,20658,9312,11346,,,,,,,,,,,,
56285148993,56285148993,Продажа физлицу,"Тумба подвесная без раковины Vannika Glad 80 для ванной комнаты, cappuccino",521.ТП.V.Glad,1,1,20.04.2026,22.04.2026,23.04.2026,Предоплата,22%,19460,8580,0,0,10880,19460,8580,10880,,,,,,,,,,,,
56285180482,56285180482,Продажа физлицу,"Шкаф-зеркало Vannika Vastra 60 для ванной комнаты, дуб вотан",444.ЗШ.V.Vastra,1,1,20.04.2026,22.04.2026,25.04.2026,Предоплата,22%,7794,3900,0,0,3894,7794,3900,3894,,,,,,,,,,,,
56285905472,56285905472,Продажа физлицу,"Тумба подвесная Vannika Vastra 90 с раковиной Квадро 90 для ванной комнаты,дуб вотан",469.ТП.V.Vastra.ККВА,1,1,20.04.2026,23.04.2026,27.04.2026,Предоплата,22%,30422,14295,0,0,16127,30422,14295,16127,,,,,,,,,,,,
56287229632,56287229632,Продажа физлицу,"Тумба подвесная Vannika Vastra 90 с раковиной Квадро 90 для ванной комнаты,дуб вотан",469.ТП.V.Vastra.ККВА,1,1,21.04.2026,22.04.2026,24.04.2026,Яндекс.Сплит (предоплата),22%,30538,15242,0,0,15296,30538,15242,15296,,,,,,,,,,,,
56290852483,56290852483,Продажа физлицу,"Тумба подвесная Vannika Mirva 70 с раковиной Фостер 70 для ванной комнаты, белая",286.ТП.V.Mirva.КФОС,1,1,21.04.2026,22.04.2026,24.04.2026,Предоплата,22%,30263,13898,0,0,16365,30263,13898,16365,,,,,,,,,,,,
56290852483,56290852483,Продажа физлицу,"Шкаф-пенал напольно/подвесной Vannika Mirva для ванной комнаты, белый",281.ШП.V.Mirva,1,1,21.04.2026,22.04.2026,24.04.2026,Предоплата,22%,14782,6179,0,0,8603,14782,6179,8603,,,,,,,,,,,,
56292656833,56292656833,Продажа физлицу,"Тумба подвесная Vannika Glad 70 с раковиной Фостер 70 для ванной комнаты, cappuccino",520.ТП.V.Glad.КФОС,1,1,21.04.2026,22.04.2026,24.04.2026,Предоплата,22%,27102,11432,0,0,15670,27102,11432,15670,,,,,,,,,,,,
56292746049,56292746049,Продажа физлицу,"Шкаф-зеркало Vannika Bliss 50 для ванной комнаты, дуб вотан",443.ЗШ.V.Bliss.МОД,1,1,21.04.2026,22.04.2026,24.04.2026,Предоплата,22%,6688,3441,0,386,2861,6688,3827,2861,,,,,,,,,,,,
56292928897,56292928897,Продажа физлицу,"Шкаф-пенал напольно-подвесной Vannika Flavia 50 для ванной комнаты, белый",384.ШП.V.Flavia,1,1,21.04.2026,24.04.2026,27.04.2026,Предоплата,22%,22216,8720,0,455,13041,22216,9175,13041,,,,,,,,,,,,
56295468929,56295468929,Продажа физлицу,"Шкаф-зеркало Vannika Canto 100 для ванной комнаты, дуб вотан",447.ЗШ.V.Canto.ДИВ,1,1,21.04.2026,26.04.2026,29.04.2026,При получении,22%,10486,5070,0,0,5416,10486,5070,5416,,,,,,,,,,,,
56299889600,56299889600,Продажа физлицу,"Тумба напольная без раковины Vannika Faro 60 для ванной комнаты, дуб вотан, графит софт",431.ТН.V.Faro,1,1,21.04.2026,24.04.2026,28.04.2026,Предоплата,22%,20440,9301,0,0,11139,20440,9301,11139,,,,,,,,,,,,
56309564992,56309564992,Продажа физлицу,"Шкаф-зеркало Vannika Bliss 50 для ванной комнаты, дуб вотан",443.ЗШ.V.Bliss.МОД,1,1,21.04.2026,22.04.2026,24.04.2026,Предоплата,22%,6688,3162,0,0,3526,6688,3162,3526,,,,,,,,,,,,
56309881601,56309881601,Продажа физлицу,"Шкаф-пенал напольно-подвесной Vannika Flavia 50 для ванной комнаты, белый",384.ШП.V.Flavia,1,1,21.04.2026,22.04.2026,25.04.2026,Яндекс.Сплит (предоплата),22%,22116,9381,0,78,12657,22116,9459,12657,,,,,,,,,,,,
56316160832,56316160832,Продажа физлицу,"Шкаф-пенал подвесной Vannika Glad для ванной комнаты, cappuccino",523.ШП.V.Glad.Р,1,1,21.04.2026,24.04.2026,26.04.2026,Предоплата,22%,21985,8283,0,284,13418,21985,8567,13418,,,,,,,,,,,,
56317245379,56317245379,Продажа физлицу,"Тумба напольная Vannika Canto 70 с раковиной Фостер 70 для ванной комнаты, дуб вотан, графит софт",459.ТН.V.Canto.КФОС,1,1,22.04.2026,23.04.2026,24.04.2026,Предоплата,22%,30183,15819,0,0,14364,30183,15819,14364,,,,,,,,,,,,
56320204867,56320204867,Продажа физлицу,"Тумба подвесная Vannika Vastra 90 с раковиной Квадро 90 для ванной комнаты,дуб вотан",469.ТП.V.Vastra.ККВА,1,1,22.04.2026,23.04.2026,25.04.2026,Предоплата,22%,30427,16581,0,0,13846,30427,16581,13846,,,,,,,,,,,,
56321276033,56321276033,Продажа физлицу,"Шкаф-зеркало ""Vannika"" Canto, модульный, ЛДСП, 50 см x 72,9 см x 14,8 см",443.ЗШ.V.Canto.ДИВ,1,1,22.04.2026,23.04.2026,26.04.2026,Яндекс.Сплит (предоплата),22%,6615,3094,0,0,3521,6615,3094,3521,,,,,,,,,,,,
56321276033,56321276033,Продажа физлицу,"Тумба напольная без раковины Vannika Bliss 50 для ванной комнаты, Gold Craft",524.ТН.V.Bliss.Р,1,1,22.04.2026,23.04.2026,26.04.2026,Яндекс.Сплит (предоплата),22%,11752,4447,0,0,7305,11752,4447,7305,,,,,,,,,,,,
56323715267,56323715267,Продажа физлицу,"Тумба напольная Vannika Bliss 80 с раковиной Como 80 для ванной комнаты, белая",225.ТН.V.Bliss.ККОМ,1,1,22.04.2026,26.04.2026,28.04.2026,Предоплата,22%,26760,12993,0,0,13767,26760,12993,13767,,,,,,,,,,,,
56325642753,56325642753,Продажа физлицу,"Тумба подвесная Vannika Vastra 90 с раковиной Квадро 90 для ванной комнаты,дуб вотан",469.ТП.V.Vastra.ККВА,1,1,22.04.2026,23.04.2026,28.04.2026,Предоплата,22%,30538,14780,0,0,15758,30538,14780,15758,,,,,,,,,,,,
56329251075,56329251075,Продажа физлицу,"Тумба подвесная Vannika Kanna 60 с раковиной Фест 60 для ванной комнаты, дуб вотан, графит софт",451.ТП.V.Kanna.КФЕС,1,1,22.04.2026,24.04.2026,27.04.2026,Предоплата,22%,20173,9189,0,0,10984,20173,9189,10984,,,,,,,,,,,,
56329273795,56329273795,Продажа физлицу,"Тумба напольная Vannika Bliss 80 с раковиной Como 80 для ванной комнаты, белая",225.ТН.V.Bliss.ККОМ,1,1,22.04.2026,26.04.2026,27.04.2026,Предоплата,22%,26870,11579,0,0,15291,26870,11579,15291,,,,,,,,,,,,
56332069378,56332069378,Продажа физлицу,"Шкаф-зеркало Vannika Kanna 70 для ванной комнаты, дуб вотан",445.ЗШ.V.Kanna.ЛАВ,1,1,22.04.2026,24.04.2026,25.04.2026,Предоплата,22%,8229,4284,0,0,3945,8229,4284,3945,,,,,,,,,,,,
56332069378,56332069378,Продажа физлицу,"Шкаф-пенал напольно/подвесной Vannika Canto 50 для ванной комнаты, дуб вотан, графит софт",456.ШП.V.Canto.ДИВ,1,1,22.04.2026,24.04.2026,25.04.2026,Предоплата,22%,22337,9700,0,0,12637,22337,9700,12637,,,,,,,,,,,,
56332312642,56332312642,Продажа физлицу,"Тумба напольная Vannika Canto 70 с раковиной Фостер 70 для ванной комнаты, дуб вотан, графит софт",459.ТН.V.Canto.КФОС,1,1,22.04.2026,24.04.2026,25.04.2026,Предоплата,22%,30065,15284,0,0,14781,30065,15284,14781,,,,,,,,,,,,
56333718913,56333718913,Продажа физлицу,"Тумба подвесная без раковины Vannika Glad 80 для ванной комнаты, cappuccino",521.ТП.V.Glad,1,1,22.04.2026,23.04.2026,30.04.2026,Предоплата,22%,19460,10080,0,0,9380,19460,10080,9380,,,,,,,,,,,,
56337365057,56337365057,Продажа физлицу,"Шкаф-пенал напольно-подвесной Vannika Flavia 50 для ванной комнаты, белый",384.ШП.V.Flavia,1,1,22.04.2026,23.04.2026,24.04.2026,Предоплата,22%,22216,10601,0,763,10852,22216,11364,10852,,,,,,,,,,,,
56337912195,56337912195,Продажа физлицу,"Тумба напольная Vannika Canto 100 с раковиной Фостер 100 для ванной комнаты, дуб вотан, графит софт",461.ТН.V.Canto.КФОС,1,1,22.04.2026,25.04.2026,28.04.2026,Предоплата,22%,40362,18222,0,0,22140,40362,18222,22140,,,,,,,,,,,,
56338474499,56338474499,Продажа физлицу,"Тумба напольная Vannika Bliss 80 с раковиной Como 80 для ванной комнаты, белая",225.ТН.V.Bliss.ККОМ,1,1,22.04.2026,23.04.2026,25.04.2026,Предоплата,22%,26764,14072,0,4397,8295,26764,18469,8295,,,,,,,,,,,,
56338732354,56338732354,Продажа физлицу,"Шкаф-зеркало Vannika Canto 60 для ванной комнаты, дуб вотан, шкаф витрина",444.ЗШ.V.Canto.ДИВ,1,1,22.04.2026,23.04.2026,25.04.2026,Яндекс.Сплит (предоплата),22%,7067,3381,0,0,3686,7067,3381,3686,,,,,,,,,,,,
56339230211,56339230211,Продажа физлицу,"Шкаф-зеркало Vannika Canto 60 для ванной комнаты, дуб вотан, шкаф витрина",444.ЗШ.V.Canto.ДИВ,1,1,22.04.2026,25.04.2026,30.04.2026,Предоплата,22%,7039,3438,0,0,3601,7039,3438,3601,,,,,,,,,,,,
56341263617,56341263617,Продажа физлицу,"Шкаф-зеркало Vannika Bliss 50 для ванной комнаты, дуб вотан",443.ЗШ.V.Bliss.МОД,1,1,22.04.2026,23.04.2026,30.04.2026,Предоплата,22%,6713,3094,0,31,3588,6713,3125,3588,,,,,,,,,,,,
56341505280,56341505280,Продажа физлицу,"Шкаф-пенал напольно-подвесной Vannika Flavia 50 для ванной комнаты, белый",384.ШП.V.Flavia,1,1,22.04.2026,23.04.2026,28.04.2026,Предоплата,22%,22117,10464,0,375,11278,22117,10839,11278,,,,,,,,,,,,
56342345856,56342345856,Продажа физлицу,"Тумба напольная Vannika Bliss 80 с раковиной Como 80 для ванной комнаты, белая",225.ТН.V.Bliss.ККОМ,1,1,22.04.2026,23.04.2026,26.04.2026,Предоплата,22%,26870,12035,0,0,14835,26870,12035,14835,,,,,,,,,,,,
56343475456,56343475456,Продажа физлицу,"Шкаф-пенал напольно-подвесной Vannika Flavia 50 для ванной комнаты, белый",384.ШП.V.Flavia,1,1,22.04.2026,25.04.2026,29.04.2026,Предоплата,22%,22120,10791,0,0,11329,22120,10791,11329,,,,,,,,,,,,
56343535811,56343535811,Продажа физлицу,"Шкаф-пенал напольно/подвесной Vannika Flavia 60 для ванной комнаты, белый",468.ШП.V.Flavia,1,1,22.04.2026,23.04.2026,27.04.2026,Предоплата,22%,27866,11916,0,0,15950,27866,11916,15950,,,,,,,,,,,,
56343904643,56343904643,Продажа физлицу,"Шкаф-зеркало ""Vannika"" Canto, модульный, ЛДСП, 50 см x 72,9 см x 14,8 см",443.ЗШ.V.Canto.ДИВ,1,1,22.04.2026,23.04.2026,24.04.2026,Яндекс.Сплит (предоплата),22%,6640,3054,0,0,3586,6640,3054,3586,,,,,,,,,,,,
56343983939,56343983939,Продажа физлицу,"Шкаф-зеркало Vannika Kanna 50 для ванной комнаты, дуб вотан",443.ЗШ.V.Kanna.ЛАВ,1,1,22.04.2026,23.04.2026,24.04.2026,Предоплата,22%,6733,3122,0,0,3611,6733,3122,3611,,,,,,,,,,,,
56344047552,56344047552,Продажа физлицу,"Тумба напольная Vannika Bliss 80 с раковиной Como 80 для ванной комнаты, белая",225.ТН.V.Bliss.ККОМ,1,1,22.04.2026,23.04.2026,26.04.2026,Яндекс.Сплит (предоплата),22%,26870,12879,0,0,13991,26870,12879,13991,,,,,,,,,,,,
56345384448,56345384448,Продажа физлицу,"Тумба подвесная без раковины Vannika Glad 100 для ванной комнаты, cappuccino",522.ТП.V.Glad,1,1,22.04.2026,24.04.2026,27.04.2026,Предоплата,22%,21936,11544,0,160,10232,21936,11704,10232,,,,,,,,,,,,
56348787521,56348787521,Продажа физлицу,"Тумба подвесная Vannika Glad 50 с раковиной Фостер 50 для ванной комнаты, cappuccino",518.ТП.V.Glad.КФОС,1,1,22.04.2026,25.04.2026,26.04.2026,Предоплата,22%,21404,8404,0,0,13000,21404,8404,13000,,,,,,,,,,,,
56350508033,56350508033,Продажа физлицу,"Шкаф-зеркало ""Vannika"" Canto, модульный, ЛДСП, 50 см x 72,9 см x 14,8 см",443.ЗШ.V.Canto.ДИВ,2,2,22.04.2026,24.04.2026,28.04.2026,При получении,22%,6640,3681,0,0,2959,13280,7362,5918,,,,,,,,,,,,
56351661185,56351661185,Продажа физлицу,"Тумба напольная Vannika Bliss 80 с раковиной Como 80 для ванной комнаты, белая",225.ТН.V.Bliss.ККОМ,1,1,22.04.2026,24.04.2026,27.04.2026,Предоплата,22%,26870,13982,0,0,12888,26870,13982,12888,,,,,,,,,,,,
56351801538,56351801538,Продажа физлицу,"Шкаф-пенал напольно-подвесной Vannika Flavia 50 для ванной комнаты, белый",384.ШП.V.Flavia,1,1,22.04.2026,25.04.2026,29.04.2026,Предоплата,22%,22216,10211,0,0,12005,22216,10211,12005,,,,,,,,,,,,
56352018816,56352018816,Продажа физлицу,"Шкаф-пенал напольно-подвесной Vannika Flavia 50 для ванной комнаты, белый",384.ШП.V.Flavia,1,1,22.04.2026,24.04.2026,26.04.2026,Предоплата,22%,22121,10426,0,0,11695,22121,10426,11695,,,,,,,,,,,,
56352926914,56352926914,Продажа физлицу,"Шкаф-пенал напольно/подвесной Vannika Mirva для ванной комнаты, белый",281.ШП.V.Mirva,1,1,22.04.2026,25.04.2026,28.04.2026,Предоплата,22%,14782,7782,0,0,7000,14782,7782,7000,,,,,,,,,,,,
56358964482,56358964482,Продажа физлицу,"Тумба напольная Vannika Bliss 80 с раковиной Como 80 для ванной комнаты, белая",225.ТН.V.Bliss.ККОМ,1,1,23.04.2026,24.04.2026,27.04.2026,Яндекс.Сплит (предоплата),22%,26760,11493,0,0,15267,26760,11493,15267,,,,,,,,,,,,
56362858306,56362858306,Продажа физлицу,"Тумба подвесная Vannika Glad 80 с раковиной Фест 80 для ванной комнаты, cappuccino",521.ТП.V.Glad.КФЕС,1,1,23.04.2026,24.04.2026,26.04.2026,Предоплата,22%,29912,12629,0,0,17283,29912,12629,17283,,,,,,,,,,,,
56363357954,56363357954,Продажа физлицу,"Шкаф-зеркало Vannika Bliss 50 для ванной комнаты, дуб вотан",443.ЗШ.V.Bliss.МОД,1,1,23.04.2026,24.04.2026,25.04.2026,Предоплата,22%,6713,3240,0,11,3462,6713,3251,3462,,,,,,,,,,,,
56364616707,56364616707,Продажа физлицу,"Тумба напольная Vannika Bliss 80 с раковиной Фостер 80 для ванной комнаты, белая",225.ТН.V.Bliss.КФОС,1,1,23.04.2026,24.04.2026,28.04.2026,Предоплата,22%,27440,4010,0,0,23430,27440,4010,23430,,,,,,,,,,,,
56365252737,56365252737,Продажа физлицу,"Тумба подвесная Vannika Glad 70 с раковиной Фостер 70 для ванной комнаты, cappuccino",520.ТП.V.Glad.КФОС,1,1,23.04.2026,24.04.2026,27.04.2026,Предоплата,22%,26988,12319,0,0,14669,26988,12319,14669,,,,,,,,,,,,
56367665539,56367665539,Продажа физлицу,"Тумба напольная без раковины Vannika Bava 50 для ванной комнаты, белая",428.ТН.V.Bava,1,1,23.04.2026,24.04.2026,27.04.2026,Предоплата,22%,18475,7214,0,0,11261,18475,7214,11261,,,,,,,,,,,,
56369927298,56369927298,Продажа физлицу,"Шкаф-зеркало Vannika Canto 60 для ванной комнаты, дуб вотан, шкаф витрина",444.ЗШ.V.Canto.ДИВ,1,1,23.04.2026,24.04.2026,28.04.2026,Яндекс.Сплит (предоплата),22%,7040,3277,0,0,3763,7040,3277,3763,,,,,,,,,,,,
56375580289,56375580289,Продажа физлицу,"Тумба подвесная Vannika Glad 50 с раковиной Фостер 50 для ванной комнаты, cappuccino",518.ТП.V.Glad.КФОС,1,1,23.04.2026,25.04.2026,28.04.2026,Предоплата,22%,21314,9824,0,0,11490,21314,9824,11490,,,,,,,,,,,,
56382421761,56382421761,Продажа физлицу,"Шкаф-пенал напольно-подвесной Vannika Flavia 50 для ванной комнаты, белый",384.ШП.V.Flavia,1,1,24.04.2026,25.04.2026,30.04.2026,Предоплата,22%,22216,8450,0,0,13766,22216,8450,13766,,,,,,,,,,,,
56387848386,56387848386,Продажа физлицу,"Шкаф-пенал подвесной Vannika Vastra для ванной комнаты, дуб вотан",437.ШП.V.Vastra,1,1,24.04.2026,25.04.2026,29.04.2026,Предоплата,22%,13674,6130,0,0,7544,13674,6130,7544,,,,,,,,,,,,
56398350913,56398350913,Продажа физлицу,"Тумба напольная без раковины Vannika Bliss 50 для ванной комнаты, графит софт",478.ТН.V.Bliss.Р,1,1,24.04.2026,25.04.2026,27.04.2026,Яндекс.Сплит (предоплата),22%,11754,4868,0,0,6886,11754,4868,6886,,,,,,,,,,,,
56398755201,56398755201,Продажа физлицу,"Тумба подвесная Vannika Glad 60 с раковиной Como 60 для ванной комнаты, cappuccino",519.ТП.V.Glad.ККОМ,1,1,24.04.2026,25.04.2026,27.04.2026,Предоплата,22%,24095,10000,0,500,13595,24095,10500,13595,,,,,,,,,,,,
56399536834,56399536834,Продажа физлицу,"Шкаф-зеркало Vannika Kanna 50 для ванной комнаты, дуб вотан",443.ЗШ.V.Kanna.ЛАВ,1,1,24.04.2026,25.04.2026,26.04.2026,Предоплата,22%,6733,3011,0,0,3722,6733,3011,3722,,,,,,,,,,,,
56400249793,56400249793,Продажа физлицу,"Тумба напольная Vannika Bliss 60 с раковиной Фест 60 для ванной комнаты, белая, дуб вотан",484.ТН.V.Bliss.РКФЕС,1,1,24.04.2026,28.04.2026,30.04.2026,Яндекс.Сплит (предоплата),22%,20575,9155,0,54,11366,20575,9209,11366,,,,,,,,,,,,
56400441537,56400441537,Продажа физлицу,"Шкаф-зеркало с подсветкой Vannika Flavia 60 для ванной комнаты, белый",174.ЗШ.V.Flavia,1,1,24.04.2026,25.04.2026,28.04.2026,Предоплата,22%,10630,5295,0,0,5335,10630,5295,5335,,,,,,,,,,,,
56401314819,56401314819,Продажа физлицу,"Тумба напольная Vannika Glad 100 с раковиной Фостер 100 (комплект) для ванной комнаты, Грей",552.ТН.V.Glad.КФОС,2,2,24.04.2026,25.04.2026,27.04.2026,Предоплата,22%,54580,20798,0,0,33782,109160,41596,67564,,,,,,,,,,,,
56405373698,56405373698,Продажа физлицу,"Шкаф-зеркало Vannika Vastra 80 для ванной комнаты, дуб вотан",446.ЗШ.V.Vastra,1,1,24.04.2026,26.04.2026,30.04.2026,Яндекс.Сплит (предоплата),22%,9086,4357,0,0,4729,9086,4357,4729,,,,,,,,,,,,
56405590977,56405590977,Продажа физлицу,"Шкаф-зеркало Vannika Bliss 50 для ванной комнаты, дуб вотан",443.ЗШ.V.Bliss.МОД,1,1,24.04.2026,26.04.2026,28.04.2026,При получении,22%,6688,3195,0,0,3493,6688,3195,3493,,,,,,,,,,,,
56405851137,56405851137,Продажа физлицу,"Шкаф-зеркало Vannika Bliss 80 для ванной комнаты, дуб вотан, шкаф витрина",446.ЗШ.V.Bliss.МОД,1,1,24.04.2026,26.04.2026,27.04.2026,Яндекс.Сплит (предоплата),22%,9120,4089,0,0,5031,9120,4089,5031,,,,,,,,,,,,
56409060482,56409060482,Продажа физлицу,"Тумба напольная Vannika Bliss 80 с раковиной Миранда 80 для ванной комнаты, белая, дуб вотан",486.ТН.V.Bliss.РКМИР,1,1,24.04.2026,26.04.2026,28.04.2026,Предоплата,22%,31277,14621,0,0,16656,31277,14621,16656,,,,,,,,,,,,
56409196608,56409196608,Продажа физлицу,"Шкаф-зеркало Vannika Canto 60 для ванной комнаты, дуб вотан, шкаф витрина",444.ЗШ.V.Canto.ДИВ,2,2,24.04.2026,26.04.2026,30.04.2026,Предоплата,22%,6847,3197,0,899,2751,13694,8192,5502,,,,,,,,,,,,
56419047490,56419047490,Продажа физлицу,"Шкаф-пенал напольно-подвесной Vannika Flavia 50 для ванной комнаты, белый",384.ШП.V.Flavia,1,1,25.04.2026,26.04.2026,29.04.2026,Предоплата,22%,22119,8652,0,0,13467,22119,8652,13467,,,,,,,,,,,,
56419152579,56419152579,Продажа физлицу,"Шкаф-пенал подвесной Vannika Kanna для ванной комнаты, дуб вотан, графит софт",449.ШП.V.Bliss.МОД,1,1,25.04.2026,27.04.2026,28.04.2026,Предоплата,22%,14174,5589,0,0,8585,14174,5589,8585,,,,,,,,,,,,
56420271553,56420271553,Продажа физлицу,"Тумба подвесная Vannika Vastra 80 с раковиной Фест 80 для ванной комнаты, дуб вотан",441.ТП.V.Vastra.КФЕС,1,1,25.04.2026,26.04.2026,30.04.2026,Предоплата,22%,27710,12806,0,0,14904,27710,12806,14904,,,,,,,,,,,,
56422857344,56422857344,Продажа физлицу,"Шкаф-зеркало Vannika Bliss 50 для ванной комнаты, дуб вотан",443.ЗШ.V.Bliss.МОД,1,1,25.04.2026,27.04.2026,28.04.2026,Предоплата,22%,6713,3092,0,0,3621,6713,3092,3621,,,,,,,,,,,,
56424147008,56424147008,Продажа физлицу,"Тумба подвесная Vannika Fetto 50 с раковиной Moduo 50 для ванной комнаты, графит софт",421.ТП.V.Fetto.КМОД,1,1,25.04.2026,26.04.2026,28.04.2026,Предоплата,22%,22668,11269,0,0,11399,22668,11269,11399,,,,,,,,,,,,
56425748162,56425748162,Продажа физлицу,"Тумба напольная Vannika Bliss 50 с раковиной Como 50 для ванной комнаты, графит софт",478.ТН.V.Bliss.РККОМ,1,1,25.04.2026,26.04.2026,30.04.2026,Яндекс.Сплит (предоплата),22%,19139,8509,0,0,10630,19139,8509,10630,,,,,,,,,,,,
56425755395,56425755395,Продажа физлицу,"Тумба напольная Vannika Bliss 80 с раковиной Como 80 для ванной комнаты, белая",225.ТН.V.Bliss.ККОМ,1,1,25.04.2026,26.04.2026,30.04.2026,Предоплата,22%,26870,11133,0,0,15737,26870,11133,15737,,,,,,,,,,,,
56426382657,56426382657,Продажа физлицу,"Шкаф-зеркало Vannika Bliss 50 для ванной комнаты, дуб вотан",443.ЗШ.V.Bliss.МОД,1,1,25.04.2026,26.04.2026,30.04.2026,Предоплата,22%,6688,3175,0,0,3513,6688,3175,3513,,,,,,,,,,,,
56433626753,56433626753,Продажа физлицу,"Тумба подвесная Vannika Vastra 60 с раковиной Фостер 60 для ванной комнаты, дуб вотан",439.ТП.V.Vastra.КФОС,1,1,25.04.2026,26.04.2026,30.04.2026,Предоплата,22%,20501,9122,0,0,11379,20501,9122,11379,,,,,,,,,,,,
56440009922,56440009922,Продажа бизнесу,"Тумба напольная без раковины Vannika Bliss 60 для ванной комнаты, белая, дуб вотан",484.ТН.V.Bliss.Р,1,1,25.04.2026,28.04.2026,29.04.2026,Предоплата,22%,13300,2591,0,0,10709,13300,2591,10709,,"ООО ""НОВЫЕ ТЕХНОЛОГИИ""",7743118333,774301001,"127299, Москва, Клары Цеткин, 7А",УПД 1,28.04.2026,202604280001,,,,
56447788416,56447788416,Продажа физлицу,"Шкаф-зеркало Vannika Canto 60 для ванной комнаты, дуб вотан, шкаф витрина",444.ЗШ.V.Canto.ДИВ,1,1,26.04.2026,27.04.2026,30.04.2026,Предоплата,22%,7067,3187,0,0,3880,7067,3187,3880,,,,,,,,,,,,
56448811458,56448811458,Продажа физлицу,"Тумба напольная Vannika Bliss 80 с раковиной Como 80 для ванной комнаты, белая",225.ТН.V.Bliss.ККОМ,1,1,26.04.2026,27.04.2026,29.04.2026,Предоплата,22%,26870,12038,0,0,14832,26870,12038,14832,,,,,,,,,,,,
56454759360,56454759360,Продажа физлицу,"Шкаф-зеркало Vannika Bliss 50 для ванной комнаты, дуб вотан",443.ЗШ.V.Bliss.МОД,1,1,26.04.2026,29.04.2026,30.04.2026,Яндекс.Сплит (предоплата),22%,6713,3229,0,0,3484,6713,3229,3484,,,,,,,,,,,,
56457749954,56457749954,Продажа физлицу,"Тумба подвесная Vannika Mirva 60 с раковиной Como 60 для ванной комнаты, белая",285.ТП.V.Mirva.ККОМ,1,1,26.04.2026,27.04.2026,29.04.2026,Предоплата,22%,21354,10862,0,0,10492,21354,10862,10492,,,,,,,,,,,,
56470381889,56470381889,Продажа физлицу,"Тумба напольная Vannika Bliss 80 с раковиной Como 80 для ванной комнаты, белая",225.ТН.V.Bliss.ККОМ,1,1,26.04.2026,28.04.2026,29.04.2026,Предоплата,22%,26763,11931,0,0,14832,26763,11931,14832,,,,,,,,,,,,
56474120258,56474120258,Продажа физлицу,"Шкаф-пенал напольно/подвесной Vannika Canto 50 для ванной комнаты, дуб вотан, графит софт",456.ШП.V.Canto.ДИВ,1,1,27.04.2026,28.04.2026,29.04.2026,Яндекс.Сплит (предоплата),22%,22436,8526,0,0,13910,22436,8526,13910,,,,,,,,,,,,
56477606720,56477606720,Продажа физлицу,"Шкаф для стиральной машины напольный Vannika Uni для ванной комнаты, белый",312.ШДС.V.Uni,1,1,27.04.2026,28.04.2026,30.04.2026,Предоплата,22%,24913,9283,0,0,15630,24913,9283,15630,,,,,,,,,,,,
56491115139,56491115139,Продажа физлицу,"Тумба напольная Vannika Bliss 60 с раковиной Фест 60 для ванной комнаты, белая, дуб вотан",484.ТН.V.Bliss.РКФЕС,1,1,27.04.2026,28.04.2026,29.04.2026,Предоплата,22%,20574,8910,0,0,11664,20574,8910,11664,,,,,,,,,,,,
56511650688,56511650688,Продажа физлицу,"Тумба подвесная без раковины Vannika Glad 80 для ванной комнаты, cappuccino",521.ТП.V.Glad,2,2,28.04.2026,29.04.2026,30.04.2026,Предоплата,22%,19460,8580,0,0,10880,38920,17160,21760,,,,,,,,,,,,
56521013825,56521013825,Продажа физлицу,"Тумба подвесная Vannika Glad 60 с раковиной Como 60 для ванной комнаты, cappuccino",519.ТП.V.Glad.ККОМ,1,1,28.04.2026,29.04.2026,30.04.2026,Предоплата,22%,24196,9553,0,0,14643,24196,9553,14643,,,,,,,,,,,,
